lng,lat,万人拥有消防站（0.0900）,万人拥有消防车（0.4800）,消防员空气呼吸器配备率（2.5）,抢险救援主战器材配备（10.0）,市政消防给水管道平均直径（350.0）,市政消火栓覆盖率（5）,市政消火栓完好率（100）,消防无线通信三级网通信设备配备率（100）,消防立法（1）,消防执法（1）,万人拥有消防人员（5）,消防人员人均基本业务费（11.8）,消防经费占财政支出比例（1.33）,媒体消防宣传（1）,中小学消防知识课开设率（100）,十万人拥有消防教育基地（0.30）,消防培训率（9.2）,消防执政率,联动平台覆盖率（100）,救援应急通信（1）,重大火灾应急预案（1）,消防站辖区7.5分钟响应,平均火灾扑救时间（4）,消防远程监控覆盖率（26）,建筑自动消防设施运行完好率（100）,万人火灾发生率（3.5）,十万人火灾死亡率（0.36）,亿元GDP火灾损失率（11000）,公众消防安全满意度（100）,安全指数
120.1730619,30.2394811,7,1,1,2,2,2,1,3,0,2,3,0,4,3,3,0,3,3,1,1,0,4,3,1,1,2,0,0,3,56
120.2156336,30.2988228,6,1,2,3,1,2,0,0,3,1,0,4,0,2,1,1,1,3,1,2,0,2,2,2,4,1,1,1,5,52
120.2807167,30.3800924,5,2,2,1,2,2,0,1,0,1,3,3,3,2,1,1,4,1,1,1,1,1,4,1,0,0,2,2,3,50
120.2290095,30.1725698,4,4,2,3,2,1,0,3,2,1,2,1,1,1,1,1,0,1,1,1,2,1,4,1,3,2,0,1,5,51
120.2749093,30.3258663,6,3,2,1,2,1,1,2,0,2,5,3,4,2,0,2,1,2,0,1,0,0,1,0,3,2,0,0,3,49
120.2884754,30.1978948,3,5,1,2,2,2,1,1,4,0,3,3,2,0,1,0,4,2,1,2,1,3,5,0,3,2,4,2,5,64
120.1705613,30.2689192,7,5,2,3,2,1,1,3,0,1,2,2,4,2,1,2,2,1,2,0,0,0,4,3,1,1,1,1,1,55
120.2196846,30.2541955,5,2,1,1,1,2,1,3,1,3,5,0,4,1,3,0,2,3,0,2,1,0,1,2,4,1,0,0,1,50
120.2091074,30.3702741,5,1,2,1,2,1,1,3,4,1,4,4,4,3,2,2,3,0,1,0,0,3,1,3,3,1,4,2,3,64
120.1604341,30.334202,3,4,1,1,1,1,0,0,1,0,0,3,3,1,1,2,2,1,2,1,0,0,0,3,1,2,1,2,2,39
120.1907593,30.3430914,1,3,2,1,2,2,0,0,2,2,2,2,4,2,1,1,0,2,2,0,0,4,3,2,0,0,3,2,5,50
120.2744756,30.4105932,5,3,1,2,2,2,1,2,3,3,2,4,2,3,0,0,2,1,1,1,2,0,3,3,4,1,2,2,1,58
120.2229919,30.2972539,5,4,1,2,1,2,0,2,0,3,1,4,0,1,2,0,1,3,1,2,2,2,2,3,2,0,2,2,3,53
120.2185516,30.3866679,7,2,2,1,2,1,0,1,0,2,4,0,2,2,3,2,3,2,2,1,0,4,4,3,1,0,0,1,5,57
120.2187371,30.376304,1,2,2,3,2,2,1,1,4,1,5,2,0,0,2,0,3,2,0,1,0,2,0,3,4,2,1,1,5,52
120.2548927,30.333241,4,3,2,1,2,1,1,3,3,0,2,0,3,0,2,2,0,3,2,2,1,1,1,0,3,2,2,1,2,49
120.1973763,30.4026407,1,3,2,1,2,1,1,2,0,1,5,4,3,2,0,1,0,2,0,0,1,1,2,3,2,0,4,2,3,49
120.2391586,30.2127627,1,1,2,1,1,2,1,0,1,3,1,4,4,2,1,0,2,0,2,1,0,2,4,2,3,1,4,0,3,49
120.2666931,30.2452731,6,3,2,1,2,2,1,0,0,2,5,1,4,0,3,0,3,3,2,1,1,4,0,2,3,2,1,0,0,54
120.1750931,30.3594947,6,2,1,1,1,1,0,3,2,2,3,4,4,3,1,0,4,3,1,2,2,2,5,0,3,0,1,1,5,63
120.2711492,30.3243404,6,2,1,1,1,1,0,0,0,1,4,3,2,2,3,0,3,2,1,2,0,1,5,3,3,1,1,0,0,49
120.217872,30.4142392,5,4,2,3,1,1,1,0,4,2,3,4,2,3,0,1,2,2,0,2,2,0,5,0,4,2,2,2,3,62
120.2710862,30.1883557,5,3,2,1,2,2,1,0,3,0,5,2,3,2,2,0,4,2,0,2,2,1,0,2,0,1,3,1,4,55
120.1968913,30.1806906,6,2,2,3,1,2,1,1,4,2,0,1,2,2,2,1,1,1,0,0,0,0,0,3,1,0,0,0,2,40
120.2482701,30.4105028,2,3,2,2,2,1,1,3,3,1,1,4,1,1,1,1,3,3,1,0,1,3,5,2,1,0,3,1,4,56
120.2693646,30.2986306,4,4,2,2,1,2,1,1,0,2,2,0,4,3,2,1,0,2,1,1,1,1,2,1,4,1,3,1,3,52
120.2529765,30.2465684,1,5,1,3,2,1,1,3,3,1,3,4,0,2,3,1,3,1,2,0,2,0,5,0,4,0,0,0,0,51
120.1612525,30.3593542,7,3,2,1,1,2,1,0,3,0,4,3,1,2,2,1,1,2,2,0,1,4,1,2,2,0,0,2,1,51
120.2625563,30.3715137,7,2,1,3,1,1,1,0,4,0,4,0,1,1,1,2,1,3,2,2,1,0,2,1,1,0,3,0,1,46
120.1782307,30.2509975,2,5,2,2,2,1,1,2,4,2,5,4,3,1,1,2,2,3,2,1,0,1,2,0,1,2,0,1,1,55
120.2777914,30.3266958,1,4,1,2,2,1,1,1,4,3,1,1,1,1,2,0,4,3,2,1,1,0,3,0,2,0,1,2,2,47
120.2970551,30.2019519,2,1,2,3,2,2,1,2,2,1,0,2,0,1,0,0,4,3,1,2,0,4,0,1,1,1,3,0,2,43
120.2829107,30.3511527,3,4,1,1,1,2,0,3,1,3,0,4,2,0,0,2,0,3,2,0,1,3,1,0,0,1,3,0,5,46
120.2014455,30.3827598,6,3,1,1,1,1,0,0,0,3,2,2,3,0,3,0,0,2,1,0,0,0,1,2,0,1,4,1,4,42
120.1628998,30.3439963,2,1,1,2,2,1,0,0,3,0,0,1,4,1,1,1,1,3,0,2,1,3,1,2,0,0,1,1,0,35
120.2907139,30.2340748,3,4,1,2,1,1,0,0,3,0,3,0,3,0,1,2,4,3,0,0,1,3,5,1,4,2,3,2,3,55
120.1900636,30.3963577,7,5,2,1,1,2,1,1,2,2,1,3,2,3,2,2,3,2,0,1,1,0,3,1,2,1,4,0,3,58
120.2176298,30.2594729,1,4,2,2,2,1,0,2,2,1,0,1,4,2,1,1,0,3,0,1,0,2,4,0,4,0,2,0,0,42
120.1464062,30.2710181,3,3,2,1,1,2,1,3,4,1,1,3,1,3,0,0,0,1,1,1,2,0,1,0,4,0,1,0,5,45
120.2521498,30.231427,1,5,1,2,1,1,1,0,0,3,1,1,3,0,2,1,3,0,0,0,2,2,3,3,0,0,4,2,2,44
120.1612131,30.2527249,1,2,2,1,1,2,1,2,2,2,2,3,4,1,1,1,1,3,0,0,2,4,2,2,2,1,1,0,2,48
120.2130458,30.2080765,7,5,2,2,2,2,1,0,3,3,2,4,3,2,3,2,1,0,1,1,2,0,5,1,3,1,1,2,1,62
120.134677,30.3700418,1,3,1,1,2,1,1,2,0,2,3,4,0,3,1,0,3,3,2,0,2,2,0,0,4,2,2,2,3,50
120.1981123,30.3703279,6,5,2,3,1,1,0,1,0,0,2,3,0,1,0,1,3,1,0,2,0,1,1,2,1,1,1,0,1,40
120.2299324,30.3869,4,5,2,2,1,1,0,2,2,0,1,1,0,3,0,1,1,2,2,2,0,2,0,3,3,0,2,0,4,46
120.2746033,30.3245435,2,4,1,1,2,2,0,2,1,0,2,4,0,3,0,0,1,2,2,2,0,2,5,0,4,0,3,2,2,49
120.2715262,30.3741364,6,1,2,1,2,2,0,2,2,3,3,0,1,0,3,2,2,1,0,2,0,4,5,0,4,1,1,2,4,56
120.2581295,30.2077997,7,5,1,1,2,2,1,1,4,0,0,3,4,3,3,0,1,2,1,2,0,4,4,3,1,2,3,0,0,60
120.2593758,30.3419423,5,4,1,1,2,2,1,2,3,1,2,0,1,3,0,1,2,0,0,0,1,0,2,3,0,2,3,2,0,44
120.284563,30.2336013,1,1,2,3,2,1,1,0,3,1,0,1,4,0,2,2,0,1,2,2,1,1,5,2,0,2,1,2,0,43
120.2220011,30.2377277,5,5,2,1,1,2,1,0,3,1,5,2,3,0,0,1,1,2,2,1,2,2,2,0,4,1,3,1,4,57
120.2009628,30.3984529,5,2,1,2,2,2,1,3,0,1,0,4,4,0,2,0,4,3,1,1,2,4,4,0,2,2,4,1,4,61
120.1327776,30.304929,2,1,2,2,2,2,0,2,4,1,3,0,4,1,1,2,0,3,0,1,2,1,1,0,4,1,4,2,1,49
120.1733821,30.3905533,2,1,2,3,2,2,1,3,1,2,5,4,2,3,0,2,2,3,1,2,1,2,1,2,1,2,0,1,3,56
120.170803,30.397693,6,5,2,2,1,2,1,2,1,3,0,4,3,0,0,2,4,3,2,1,0,4,1,0,2,2,2,2,0,57
120.1481256,30.1951485,3,3,2,2,1,2,1,3,2,0,3,3,0,1,0,2,1,2,1,2,2,4,3,2,2,2,0,1,2,52
120.2503476,30.3541472,5,2,1,3,2,2,0,2,0,2,1,1,2,2,2,2,4,3,2,0,0,4,1,1,2,0,4,1,1,52
120.2861024,30.3266922,2,3,2,3,2,2,0,1,0,1,1,0,3,0,0,1,2,0,2,0,1,2,2,2,1,0,0,0,0,33
120.1674652,30.3149965,6,3,1,2,1,1,1,1,3,2,2,1,1,3,1,1,1,2,0,1,0,3,3,1,0,0,1,2,1,45
120.2822504,30.3342007,4,2,1,1,1,2,0,2,3,1,3,0,1,3,2,1,3,3,0,2,2,3,3,0,4,2,3,2,2,56
120.2455039,30.2772277,7,3,2,3,1,1,1,1,4,2,5,3,4,2,3,2,0,3,1,1,1,1,3,0,3,1,3,2,2,65
120.2408501,30.2423768,2,5,2,1,1,1,0,2,4,1,1,4,1,0,1,0,4,0,0,0,0,0,0,2,2,0,0,1,1,36
120.1809962,30.2062448,5,2,1,2,2,2,1,1,3,0,2,1,1,2,3,1,3,3,1,0,2,1,2,0,2,1,0,2,2,48
120.2529205,30.2637272,6,1,2,1,2,2,1,2,4,1,3,2,1,1,1,0,2,0,2,1,1,0,4,2,1,0,2,1,2,48
120.2994183,30.2275705,7,1,1,2,1,2,0,1,2,3,3,4,2,0,1,2,4,2,0,2,2,0,3,1,4,1,4,1,4,60
120.2526542,30.2400147,6,2,1,2,2,1,1,3,2,0,4,2,3,1,2,1,3,0,2,2,1,0,2,3,4,1,0,2,1,54
120.1424652,30.1808722,1,3,1,2,1,2,1,0,1,2,3,3,4,1,0,1,4,1,0,1,0,2,1,3,4,1,0,2,5,50
120.257199,30.2353036,4,2,1,2,1,2,1,0,4,3,3,1,2,2,0,2,3,1,0,0,2,1,5,1,2,1,0,2,0,48
120.1478583,30.2740013,4,2,1,2,1,1,0,1,1,0,4,3,1,3,1,1,0,1,2,1,0,2,5,2,1,1,1,1,4,47
120.1803564,30.270136,7,5,2,2,2,1,1,1,0,1,1,0,2,1,3,0,2,0,2,1,0,2,0,1,1,0,1,0,4,43
120.2896274,30.3132784,6,5,1,3,1,1,1,3,0,2,5,2,1,0,3,2,3,0,1,0,2,1,1,2,0,0,0,0,0,46
120.1345275,30.1876603,6,1,1,3,2,2,0,1,4,2,3,4,0,0,0,2,0,3,2,2,0,3,0,0,1,0,3,0,3,48
120.2263735,30.1731356,1,2,2,1,2,2,0,3,2,2,0,0,4,1,2,0,1,2,1,2,0,3,5,2,4,2,2,1,2,51
120.2996915,30.284212,4,5,1,3,2,1,1,2,4,0,2,4,3,1,0,0,2,3,0,0,0,2,5,3,1,1,1,0,5,56
120.2824675,30.4194311,7,3,2,3,1,1,0,3,1,3,1,0,4,3,0,1,4,1,1,0,2,1,5,0,2,2,1,0,0,52
120.1676534,30.3952685,4,2,1,2,1,1,0,0,0,3,0,3,1,3,0,1,3,2,0,0,1,3,4,1,2,0,3,2,3,46
120.2747325,30.2033749,6,4,2,3,2,2,0,3,1,3,4,3,2,0,2,0,4,0,2,1,2,4,5,0,4,2,1,1,5,68
120.2648619,30.3536023,5,5,1,3,2,2,1,3,0,2,5,3,0,3,0,1,1,3,2,1,1,0,1,2,3,2,2,0,0,54
120.1385787,30.3694625,3,2,2,1,1,2,0,3,3,0,3,3,4,1,3,2,3,2,1,2,2,1,1,0,1,1,4,2,1,54
120.2346263,30.194158,3,5,1,3,1,2,1,0,0,1,4,1,1,2,2,2,4,3,0,0,0,1,1,1,1,0,4,1,1,46
120.2500695,30.1890134,7,3,1,3,1,1,1,1,0,0,0,0,2,2,0,0,3,3,2,1,1,1,3,0,3,2,4,1,5,51
120.292684,30.2740684,5,1,2,3,1,2,0,2,2,0,5,4,1,0,0,2,4,3,1,1,2,3,0,2,1,1,1,1,0,50
120.2728337,30.1804561,5,3,2,2,2,1,1,3,4,3,0,2,1,3,1,1,1,1,2,2,2,2,4,0,2,1,4,2,4,61
120.1632849,30.1729434,6,1,2,3,1,2,1,1,1,2,4,4,4,0,2,2,2,2,0,1,2,2,3,0,2,1,4,1,2,58
120.2077756,30.3153587,4,3,2,1,2,2,1,2,2,3,0,0,1,0,2,1,4,0,2,2,1,3,3,0,2,0,3,2,4,52
120.1949335,30.1901465,3,1,2,1,2,2,0,2,3,3,2,0,1,1,0,2,0,3,1,1,2,4,0,3,2,0,2,2,5,50
120.1665013,30.2942929,4,2,1,2,1,1,1,3,0,1,3,0,1,3,0,1,2,0,2,1,0,0,2,2,1,0,4,2,0,40
120.1626748,30.3671913,6,1,1,2,2,2,1,2,0,2,0,1,3,2,0,2,2,1,1,1,1,2,4,1,1,1,3,2,3,50
120.2554176,30.3403325,3,4,1,2,2,1,1,1,3,2,1,3,2,1,0,1,2,2,2,0,1,3,5,0,2,0,0,2,2,49
120.2858896,30.3243995,6,2,2,3,2,2,0,1,1,2,0,4,3,1,1,1,2,3,0,1,1,3,3,2,3,2,4,2,5,62
120.2560708,30.2441012,3,3,2,3,1,1,1,0,1,1,0,4,2,1,1,2,1,0,0,2,1,3,2,0,0,1,3,2,5,46
120.2476452,30.3534195,1,3,2,3,1,2,0,0,3,2,2,0,2,1,2,1,3,0,2,0,0,4,2,0,3,0,1,0,3,43
120.2739903,30.3186312,1,5,2,1,2,2,0,2,4,1,1,1,2,2,1,2,3,1,1,2,0,4,2,2,4,1,2,2,1,54
120.1913656,30.2100361,6,1,1,2,2,1,0,3,4,3,1,3,4,0,0,2,0,0,2,2,1,2,3,1,1,1,4,0,5,55
120.142539,30.3099376,4,1,1,1,2,2,1,1,1,3,1,1,4,1,3,2,4,3,2,0,0,0,5,3,1,0,1,2,0,50
120.1858275,30.2357464,1,5,2,1,1,1,0,0,1,1,2,3,3,0,2,0,3,1,1,1,2,4,2,3,3,2,1,1,0,47
120.1717967,30.3687408,1,2,1,2,1,1,0,0,2,1,5,1,1,0,0,1,4,3,1,1,2,0,3,1,1,2,3,1,2,43
120.1537177,30.2791878,4,5,1,3,1,2,1,0,1,0,0,3,1,3,2,1,0,1,2,2,2,3,2,0,4,2,0,1,4,51
120.2391036,30.3733953,2,3,1,1,2,2,1,0,3,3,3,4,1,1,0,0,2,3,1,1,1,4,0,1,0,0,1,2,3,46
120.2372602,30.3994575,3,2,1,2,2,1,0,3,2,0,4,1,2,3,3,0,3,3,2,1,0,0,1,3,2,0,0,0,1,45
120.2470655,30.2335807,5,3,2,1,2,2,0,0,4,3,0,1,2,1,0,0,0,3,0,2,1,3,2,1,0,1,2,2,3,46
120.293338,30.305402,4,1,1,2,2,1,1,2,0,2,4,2,4,1,0,1,4,0,1,1,1,3,5,3,0,2,2,2,5,57
120.201451,30.2800844,7,5,2,3,1,2,1,3,4,3,2,0,1,0,3,1,0,3,2,0,2,2,1,1,4,2,1,2,2,60
120.1508621,30.3024581,2,1,2,2,1,2,1,3,4,1,5,4,1,0,0,2,2,3,0,0,1,4,3,0,2,2,4,1,1,54
120.2539406,30.3892617,1,2,2,1,2,1,0,0,0,1,0,2,1,3,3,1,0,1,2,2,2,4,2,0,1,0,4,1,2,41
120.1410524,30.370294,5,1,1,2,2,1,1,3,1,0,4,3,2,1,0,0,2,2,1,2,1,1,4,1,0,2,2,0,3,48
120.2087553,30.1785559,1,2,1,3,1,2,0,0,3,3,3,2,3,2,3,2,4,3,2,1,1,0,1,1,1,2,4,1,4,56
120.207543,30.405847,2,2,1,3,1,2,0,1,0,1,3,1,3,0,2,1,2,3,2,1,2,4,5,0,1,0,0,2,4,49
120.2488358,30.3963102,6,2,1,1,2,2,0,1,2,0,2,3,1,3,1,0,1,2,1,2,1,0,0,1,0,0,0,0,0,35
120.1830988,30.2861768,6,2,1,3,2,2,0,0,2,1,2,1,1,3,1,2,4,2,1,1,1,3,4,3,0,2,2,1,3,56
120.2136155,30.2901055,7,3,2,2,2,2,1,1,4,2,5,0,0,2,3,1,1,3,2,2,2,3,1,0,2,1,3,0,4,61
120.2381164,30.3793393,6,4,2,2,1,1,0,0,3,2,5,0,4,0,3,0,2,0,0,1,0,0,1,2,3,2,4,0,0,48
120.1690795,30.2734654,2,5,1,3,1,2,0,1,3,0,4,1,1,2,0,1,2,2,1,0,2,2,3,3,4,1,4,0,1,52
120.1694932,30.2433928,2,2,2,1,1,1,0,2,1,2,1,4,4,3,3,1,0,3,0,1,2,3,3,2,0,1,2,1,1,49
120.172997,30.2415639,2,2,1,1,1,1,0,0,2,3,5,4,2,0,1,0,1,0,2,2,1,2,3,3,2,2,0,1,3,47
120.1437684,30.3154033,7,1,2,1,1,1,1,3,3,2,0,2,3,2,0,0,1,1,0,1,2,3,0,2,4,2,2,0,4,51
120.1375403,30.205822,4,2,2,3,2,1,0,3,1,0,2,3,3,2,1,0,1,1,1,1,0,4,1,0,4,2,1,0,0,45
120.261624,30.2652114,7,5,2,1,1,2,1,3,2,1,4,1,2,3,3,0,1,2,1,0,2,3,3,3,0,1,4,1,3,62
120.1948435,30.4119197,2,5,2,2,1,1,1,0,3,1,3,0,3,2,3,1,4,0,2,0,2,1,4,2,2,1,2,0,0,50
120.200841,30.4094857,2,4,1,2,1,1,0,0,3,3,2,3,0,1,0,0,3,3,2,0,1,1,0,2,0,1,0,0,2,38
120.2388193,30.3704752,1,4,1,3,1,2,0,2,4,2,1,1,0,1,2,2,1,2,0,2,1,4,2,0,0,0,3,1,0,43
120.2448292,30.2364383,5,4,1,3,2,1,0,1,3,0,0,2,3,0,0,1,4,3,1,1,1,1,0,1,1,1,1,2,4,47
120.2721878,30.2608273,2,4,1,3,1,1,0,1,3,0,3,0,0,2,2,2,3,3,0,2,1,4,2,2,0,0,0,1,3,46
120.1525188,30.2547523,3,1,1,3,1,1,1,1,0,1,2,0,1,0,2,1,1,3,0,0,1,3,4,1,2,0,2,0,4,40
120.1479352,30.261838,5,4,1,2,1,2,1,1,1,0,0,2,0,3,2,2,3,2,1,0,2,4,3,0,1,1,2,2,1,49
120.2919432,30.393518,3,4,1,3,1,1,0,3,4,2,0,1,1,0,1,1,1,1,2,0,1,2,2,0,1,0,2,2,3,43
120.1496779,30.2891042,6,4,2,1,1,2,1,1,4,0,2,3,2,1,2,2,0,0,2,1,2,0,2,0,0,0,0,0,3,44
120.2077278,30.2809754,7,4,2,2,1,2,1,1,0,2,2,4,2,3,2,2,4,1,2,2,1,3,1,2,1,1,0,0,2,57
120.1742432,30.3015626,6,1,2,1,2,1,1,3,2,0,0,3,4,1,0,1,1,0,2,1,1,3,0,3,0,2,0,1,4,46
120.2266304,30.3250851,5,2,1,2,2,1,0,2,2,3,4,0,3,1,0,1,1,1,1,0,1,3,2,1,4,1,3,0,5,52
120.1623308,30.2491799,2,1,1,3,2,2,1,0,1,0,1,2,0,1,0,0,1,0,0,1,0,0,3,1,3,2,0,2,5,35
120.1659993,30.255548,5,2,1,2,2,2,0,3,2,2,4,4,4,0,3,2,2,1,0,0,2,3,4,0,4,1,1,1,2,59
120.2231033,30.3690307,5,5,2,2,1,1,0,2,4,2,4,4,2,2,3,2,1,1,0,0,0,1,1,1,4,2,1,2,0,55
120.2315135,30.2133254,6,5,1,2,2,2,0,1,0,1,4,0,0,1,2,2,4,1,1,1,2,0,2,0,0,2,3,0,0,45
120.1471758,30.3477931,7,3,2,2,1,2,0,3,0,2,3,0,3,1,2,0,3,0,1,1,1,3,5,0,1,0,4,2,1,53
120.1313506,30.197776,6,2,1,1,1,1,1,2,3,1,3,1,0,1,3,1,1,1,0,2,2,1,0,0,1,1,2,2,1,42
120.2639538,30.244473,3,1,1,2,2,1,0,2,0,1,2,4,1,3,3,2,3,0,1,1,0,1,0,2,4,2,3,2,4,51
120.219219,30.2364912,4,1,1,3,1,1,0,1,2,1,5,2,2,3,1,1,0,0,2,0,0,0,1,1,0,0,3,2,4,42
120.2641516,30.3510878,5,3,2,2,1,1,0,3,3,3,1,3,3,0,0,0,3,1,0,0,0,3,3,2,3,2,1,2,1,51
120.2120424,30.395335,4,1,1,1,1,1,1,1,1,1,4,2,1,2,0,2,1,2,1,2,0,4,5,3,1,1,4,0,4,52
120.2443481,30.2686287,6,2,1,2,2,2,0,1,3,1,1,0,2,3,0,1,3,3,0,1,2,1,4,2,4,0,1,2,1,51
120.2356505,30.2261904,2,4,2,3,1,2,0,1,2,3,4,4,0,3,0,0,0,2,0,1,1,4,3,1,0,0,1,0,2,46
120.2728648,30.2806664,5,4,2,3,2,1,1,2,4,2,0,4,3,2,3,2,0,2,2,2,2,0,2,0,1,2,2,1,1,57
120.2218119,30.279281,5,4,1,2,2,2,1,2,1,2,3,2,1,3,3,1,3,2,2,2,1,0,0,0,3,0,4,2,5,59
120.2161196,30.3585131,5,2,2,3,2,2,0,3,2,0,0,3,1,1,2,1,3,0,0,2,2,0,1,1,4,2,1,1,4,50
120.1560166,30.3062203,4,1,1,3,2,2,0,1,1,2,5,1,1,3,2,2,3,1,0,2,2,3,5,2,1,0,4,1,1,56
120.1664601,30.1957651,3,2,2,1,2,2,1,1,1,1,5,3,4,2,3,2,2,2,0,0,1,0,4,1,3,1,4,0,0,53
120.1704034,30.3531063,3,1,2,2,2,1,1,3,3,1,0,3,1,1,2,1,4,2,2,0,2,0,0,3,0,1,1,0,3,45
120.2377116,30.3782649,5,1,2,3,2,1,0,1,1,1,2,2,0,0,0,0,1,3,1,1,1,2,0,0,2,2,1,0,4,39
120.2082391,30.3373232,7,3,2,2,1,2,1,1,0,1,5,1,3,0,2,1,3,0,1,1,2,1,3,1,2,2,3,0,1,52
120.292945,30.3961679,1,3,2,3,1,1,0,3,4,3,1,3,4,0,2,1,3,3,0,2,1,3,4,1,4,1,0,2,0,56
120.2592221,30.2751885,5,1,2,3,1,2,1,3,1,3,4,2,3,0,3,0,0,1,2,1,2,0,2,2,2,2,3,2,1,54
120.1976839,30.376641,4,1,1,2,1,2,1,2,3,3,5,2,4,3,0,2,3,0,2,2,1,2,0,0,4,2,0,1,4,57
120.2663769,30.4148528,1,3,2,3,2,1,1,0,1,1,5,4,1,0,2,2,3,1,2,2,0,4,2,2,1,1,2,2,2,53
120.2777744,30.4198647,6,5,1,1,1,1,1,2,0,2,3,2,2,0,2,2,0,0,2,1,1,4,2,2,1,2,4,2,2,54
120.259719,30.40017,4,5,1,3,1,2,1,0,2,0,4,4,0,2,1,1,3,2,1,1,0,4,0,3,4,1,3,1,2,56
120.1446392,30.3339898,4,4,1,2,2,2,0,1,3,0,0,3,0,2,0,1,0,1,0,0,0,0,1,1,1,0,1,1,3,34
120.2303866,30.2935708,4,5,1,1,2,1,1,1,4,2,4,0,0,2,2,2,3,3,1,0,2,1,0,0,4,2,2,0,1,51
120.1325181,30.3460319,5,2,1,3,1,2,1,0,0,0,0,1,1,1,2,2,3,1,1,0,2,4,1,1,4,0,4,1,1,45
120.1911659,30.3964797,1,5,2,1,2,1,0,1,2,3,0,1,3,3,2,2,4,0,2,1,2,3,0,3,3,2,3,0,3,55
120.2161687,30.2895082,6,3,1,1,2,2,0,2,4,1,0,1,1,2,0,2,0,0,2,0,2,2,5,1,2,0,0,2,0,44
120.1668564,30.2085692,7,2,1,1,1,2,1,2,2,1,5,1,2,2,2,1,0,0,1,2,2,2,3,2,2,0,4,2,1,54
120.2832454,30.2708245,2,1,2,2,1,1,1,0,4,0,5,1,3,1,0,0,1,1,0,0,0,0,0,1,1,2,2,1,2,35
120.2248641,30.2412464,5,3,2,2,1,2,0,3,4,2,2,4,4,2,0,2,1,1,2,1,0,0,1,2,4,2,3,2,0,57
120.2963044,30.2005984,7,3,1,2,2,2,1,3,1,2,0,1,2,0,0,2,0,0,2,0,0,0,0,3,2,2,4,1,2,45
120.2576602,30.3818563,1,5,2,1,1,2,0,2,2,0,4,2,4,3,0,0,0,0,0,1,0,4,5,0,4,0,4,1,0,48
120.2877249,30.3310909,3,1,2,3,2,1,0,2,2,0,4,3,2,1,1,2,0,2,0,0,2,2,2,3,2,1,4,2,4,53
120.298428,30.2184604,7,2,2,2,1,1,1,1,4,1,5,4,0,1,3,2,3,3,2,1,2,4,3,3,0,1,0,0,1,60
120.1707873,30.3973522,4,1,2,2,1,1,0,1,1,0,4,0,1,0,0,1,0,1,2,0,0,0,0,1,4,2,2,0,1,32
120.2249622,30.2200743,2,3,2,2,1,2,0,2,1,0,1,2,1,1,0,2,3,2,1,1,0,2,5,2,4,2,1,0,3,48
120.2522448,30.2859341,6,5,1,2,2,1,1,2,1,0,3,0,0,0,1,0,1,2,2,1,0,0,2,3,2,2,4,2,0,46
120.1485793,30.3644477,3,2,1,2,1,1,0,0,0,2,3,3,4,2,2,0,1,2,2,1,0,1,1,1,3,1,3,2,3,47
120.168859,30.2365504,5,5,2,3,2,1,1,3,4,3,1,1,1,0,1,2,1,1,1,1,1,1,5,2,2,1,4,1,4,60
120.1554157,30.3103473,7,3,1,3,2,2,0,0,0,2,1,2,0,2,0,0,2,0,0,1,0,1,4,1,1,1,3,2,5,46
120.2834515,30.2135077,6,5,1,2,1,2,1,0,1,0,4,3,4,2,2,1,3,1,2,0,0,2,5,3,1,1,3,1,2,59
120.1537546,30.2068802,2,2,1,3,1,2,0,1,3,1,4,2,4,1,2,0,4,1,1,0,1,4,4,2,3,1,3,0,0,53
120.2114042,30.4076009,6,3,1,3,2,2,1,3,4,0,0,2,2,0,3,1,3,3,0,0,1,0,5,1,0,1,2,1,3,53
120.297958,30.3727096,1,5,2,3,2,1,0,0,2,1,1,0,0,3,3,0,0,2,0,1,1,3,0,1,2,0,2,2,4,42
120.2951579,30.4109165,3,1,1,3,1,1,1,3,3,2,1,4,1,3,2,0,2,3,1,2,2,1,0,1,1,2,4,1,1,51
120.1785122,30.2437922,6,1,1,2,2,1,0,0,4,0,0,1,0,0,1,0,4,1,1,2,1,1,5,3,4,0,2,1,4,48
120.2768885,30.3742411,4,1,1,2,1,2,1,1,0,1,4,0,4,2,0,1,0,3,1,1,2,3,4,1,1,1,4,2,2,50
120.2405038,30.2320332,1,5,1,2,2,2,0,1,3,3,3,3,0,2,3,2,2,0,1,1,0,2,2,0,0,2,4,0,0,47
120.2839931,30.3832438,3,1,1,2,1,2,1,1,3,0,0,2,4,2,0,0,1,3,0,1,1,3,5,1,3,0,1,1,4,47
120.1711232,30.2501352,7,5,1,1,1,1,1,1,3,1,2,4,3,2,0,2,4,3,1,2,2,4,1,2,4,2,2,2,1,65
120.2442467,30.2363459,7,1,2,1,1,2,1,2,2,0,2,3,1,3,3,1,0,1,2,1,2,0,4,1,1,1,0,2,0,47
120.2027147,30.3592449,6,5,1,3,1,2,0,3,3,3,5,2,2,3,2,2,4,2,2,1,1,0,4,3,3,0,1,0,1,65
120.2932977,30.4163202,7,1,2,2,2,1,0,3,1,2,2,2,3,1,2,1,3,1,1,0,0,0,5,1,1,1,3,1,4,53
120.2099748,30.4052425,7,2,2,2,1,1,1,2,2,2,1,2,1,2,0,1,3,1,1,1,2,3,0,0,2,2,0,1,2,47
120.2208738,30.2367406,7,3,2,3,2,1,1,0,2,0,3,0,3,1,3,0,0,0,0,2,0,1,4,2,2,0,0,2,5,49
120.2280991,30.3167076,5,2,2,1,1,2,1,0,2,3,4,3,0,3,2,1,2,3,0,0,1,4,5,0,3,1,1,0,3,55
120.1875628,30.3485058,7,5,1,2,2,1,1,1,0,3,1,0,0,0,0,0,2,0,0,2,2,1,2,0,1,0,0,2,2,38
120.2272744,30.2733424,5,5,1,2,2,2,1,0,0,0,2,2,0,1,1,2,0,1,1,2,2,4,0,3,0,1,0,1,2,43
120.257328,30.2477875,5,3,2,2,1,1,1,3,2,1,3,1,1,2,2,1,0,0,2,2,0,0,5,3,4,0,1,2,2,52
120.2407191,30.1723009,1,1,2,3,2,2,1,2,0,0,2,1,0,1,3,0,2,2,2,0,0,4,1,3,2,2,0,0,2,41
120.2491177,30.2301414,6,5,2,1,2,2,0,3,0,0,4,3,4,2,3,0,0,0,1,1,2,4,1,1,3,2,1,1,1,55
120.2349402,30.3365524,4,1,1,1,1,2,1,1,0,0,1,0,1,2,0,0,2,3,1,2,1,1,1,0,2,2,2,2,3,38
120.1544105,30.2010769,2,1,2,3,2,2,0,3,4,0,4,0,3,2,0,1,2,2,2,1,1,0,2,1,2,1,2,2,3,50
120.1360359,30.2899243,4,1,2,3,2,1,0,1,2,1,1,2,4,3,0,1,2,0,1,1,0,1,0,2,3,0,2,0,3,43
120.2799467,30.4001974,2,4,2,3,2,2,1,1,2,1,1,4,0,3,0,0,1,3,2,0,1,2,2,3,2,1,3,0,2,50
120.1887969,30.3500279,1,1,1,1,1,1,0,2,0,1,3,4,1,2,1,2,2,3,1,1,0,1,3,3,1,2,4,2,0,45
120.179577,30.2841569,1,5,1,2,1,1,0,0,3,3,5,0,1,0,1,1,3,2,0,1,1,2,0,1,0,2,2,0,4,43
120.1550668,30.3932221,5,2,1,2,2,2,1,1,0,2,5,1,2,3,1,1,0,0,1,2,2,4,3,0,1,1,0,0,2,47
120.2978355,30.2727369,7,5,2,3,1,2,0,1,2,1,4,1,4,1,2,0,4,1,1,0,0,2,4,3,1,2,1,0,3,58
120.2321401,30.411114,7,3,2,1,1,1,0,1,4,3,3,4,4,2,2,2,1,2,1,1,0,3,0,2,4,1,4,1,1,61
120.2961966,30.2671972,5,5,1,2,2,2,1,2,3,1,2,4,2,0,0,0,3,1,1,0,2,4,3,0,2,0,2,2,2,54
120.2808391,30.3671472,1,4,2,1,2,2,1,3,4,3,5,3,2,3,1,1,1,0,2,2,1,4,1,3,2,1,4,0,4,63
120.2890713,30.4150705,2,4,2,3,2,1,1,2,1,3,3,1,2,2,3,0,1,1,1,2,0,3,3,2,2,1,2,0,5,55
120.2699418,30.412571,2,3,2,3,2,1,1,1,1,1,0,2,4,3,2,1,0,1,1,0,1,1,5,1,0,1,4,2,1,47
120.170475,30.3973269,7,2,1,2,1,2,0,2,3,3,1,3,4,1,3,2,1,1,2,2,1,3,5,3,0,2,3,2,1,63
120.1943472,30.3279292,4,5,1,3,1,2,0,3,4,0,1,2,0,1,3,0,1,1,2,2,0,4,3,0,0,2,2,1,4,52
120.216321,30.3390085,3,2,1,1,2,2,0,2,0,3,4,3,2,2,3,0,4,0,1,2,1,1,5,0,1,2,1,2,4,54
120.2273216,30.2092354,7,4,1,1,2,2,1,2,2,3,4,2,3,1,2,2,0,3,2,1,1,0,5,2,2,1,1,0,5,62
120.2121587,30.2251282,7,2,1,1,2,1,0,0,2,3,1,4,2,0,0,0,2,3,0,2,0,2,5,0,0,2,2,0,1,45
120.2940522,30.2506608,3,5,1,2,2,2,1,0,4,1,0,4,1,2,1,1,4,0,1,1,2,4,4,0,0,2,2,2,5,57
120.1340034,30.2209307,2,2,2,2,1,2,1,3,0,3,2,3,1,3,0,2,1,3,2,0,0,1,0,1,0,0,2,1,3,43
120.1797064,30.2340695,3,1,1,1,2,2,0,0,4,1,5,1,2,2,1,1,1,0,0,2,1,2,0,2,3,1,1,2,3,45
120.2463718,30.2344055,3,3,1,2,2,1,1,2,2,0,2,2,1,1,3,0,4,2,2,1,2,2,4,1,0,2,3,1,0,50
120.1621435,30.3147924,4,4,1,2,1,2,0,1,0,2,4,2,3,2,2,0,4,2,0,0,2,4,1,1,3,1,0,0,2,50
120.2017239,30.3094384,7,1,2,2,2,2,0,3,2,0,5,3,0,1,0,0,2,1,1,1,0,1,1,1,2,0,1,2,4,47
120.2710562,30.3972463,3,2,2,1,2,2,1,1,0,3,0,1,4,0,3,2,0,3,2,1,1,3,4,1,0,0,3,0,0,45
120.1453052,30.2701406,4,2,1,3,1,2,0,2,2,1,0,4,0,3,3,1,1,1,1,0,2,2,5,1,2,1,3,0,4,52
120.2174301,30.2025515,1,1,1,1,1,2,0,3,0,3,0,3,3,3,1,0,3,3,1,1,2,0,2,3,2,0,3,1,3,47
120.159078,30.1755392,1,3,1,3,1,1,1,0,0,1,3,4,3,2,3,1,0,0,2,1,0,1,2,3,3,1,4,2,1,48
120.2020448,30.1760482,1,5,1,3,1,2,1,1,3,2,0,4,3,0,2,0,3,0,2,0,1,1,4,2,4,2,0,2,4,54
120.2435673,30.176511,2,4,1,2,1,2,0,1,4,3,5,2,1,1,2,2,2,2,1,0,0,3,0,0,3,1,4,2,1,52
120.1816689,30.1993129,2,5,1,1,2,2,1,0,2,0,0,1,1,3,2,2,1,0,1,1,0,2,4,2,4,2,1,2,4,49
120.247085,30.4153884,7,3,1,1,2,2,0,0,3,2,3,4,2,1,0,2,0,3,2,1,0,2,4,2,3,1,2,2,5,60
120.2403731,30.3977336,3,3,1,1,1,1,0,1,2,2,1,4,4,0,3,1,2,2,2,1,2,3,5,0,0,2,0,0,2,49
120.2579906,30.4142161,5,3,1,1,2,2,0,3,1,3,2,4,0,1,3,0,4,2,0,1,1,1,3,2,3,2,1,0,4,55
120.2814807,30.2769302,2,2,2,2,1,1,1,0,3,2,2,4,2,2,1,0,2,2,2,1,1,3,1,1,1,1,4,2,1,49
120.1374784,30.3120418,1,4,1,3,2,2,1,2,3,3,1,0,1,1,3,2,0,2,0,0,1,1,1,1,2,0,2,0,0,40
120.2628467,30.3819888,3,2,1,3,2,2,0,2,0,1,5,2,3,1,1,1,2,1,1,0,0,3,3,1,0,2,1,1,3,47
120.1300174,30.2255589,6,3,1,3,2,1,1,2,4,0,0,3,4,3,0,1,1,2,0,2,0,0,5,2,3,1,3,2,0,55
120.2955299,30.3897654,3,1,2,1,1,2,0,1,3,2,2,2,3,1,2,2,3,0,1,2,1,1,0,2,3,1,1,0,2,45
120.1365377,30.1933577,5,2,2,1,2,2,1,3,1,3,3,4,0,0,0,1,4,0,1,2,1,1,4,1,2,0,2,0,1,49
120.2925024,30.2467707,1,2,1,3,2,1,1,2,1,1,3,2,3,1,2,1,2,3,1,0,2,4,0,1,3,0,4,1,3,51
120.2884573,30.285077,1,1,2,3,1,1,1,0,3,3,1,3,3,1,0,2,4,2,2,2,0,3,1,0,3,2,2,1,5,53
120.1916296,30.2479451,6,2,1,2,2,2,0,0,4,1,0,0,2,1,3,2,3,0,1,1,2,0,4,1,0,2,0,0,1,43
120.2615664,30.2509223,1,3,1,3,1,1,1,1,0,1,5,4,4,1,3,1,4,2,2,2,1,2,1,1,3,2,3,1,3,58
120.2478429,30.3232988,6,5,2,1,2,2,0,2,1,1,3,1,1,0,1,0,0,0,0,1,0,0,1,3,4,1,3,1,1,43
120.2198528,30.3489122,2,3,2,2,1,2,1,3,1,3,4,3,2,1,3,1,4,0,2,0,2,1,4,2,4,2,4,2,1,62
120.2541588,30.2764916,2,3,1,1,1,2,0,2,4,3,3,2,3,0,2,1,1,1,1,2,2,3,1,1,3,0,1,0,3,49
120.2986397,30.2461937,7,5,2,2,1,2,1,3,2,0,5,3,4,1,0,0,2,1,2,1,1,1,4,0,4,1,4,2,2,63
120.2912902,30.2237038,3,5,2,1,1,2,0,0,4,1,1,0,3,3,3,2,0,0,2,0,1,0,5,1,3,1,4,2,3,53
120.2247437,30.2840103,1,1,2,1,2,2,0,2,3,3,2,3,0,1,3,0,3,0,1,0,0,0,2,0,2,2,3,1,4,44
120.131359,30.1723704,7,2,1,2,1,2,1,1,0,2,2,2,4,1,3,2,1,0,0,0,1,4,3,1,4,1,4,0,3,55
120.2263682,30.296251,5,4,2,1,1,2,0,1,1,1,1,3,3,2,3,1,0,2,1,0,0,3,0,2,3,1,0,0,4,47
120.1665266,30.3327685,6,4,2,1,1,2,0,3,1,0,1,2,1,3,0,2,0,0,1,2,1,1,5,0,2,2,1,0,3,47
120.2462979,30.2856644,4,3,2,1,2,2,1,0,2,0,4,1,1,2,1,1,3,2,1,2,1,3,4,3,4,1,1,1,2,55
120.2617364,30.1931467,3,1,1,2,2,2,0,0,2,0,3,1,3,3,2,0,1,3,1,2,2,4,5,1,4,0,3,2,2,55
120.2990879,30.1877707,7,3,2,3,2,2,1,0,3,3,5,0,1,2,2,0,3,3,2,2,1,4,5,0,2,1,0,2,4,65
120.1505144,30.1703255,1,4,1,3,2,1,0,3,4,0,5,2,3,0,3,1,1,2,1,1,2,4,3,2,2,2,4,1,1,59
120.287931,30.3895435,3,3,2,1,1,2,0,3,1,0,1,1,2,1,2,0,2,1,0,1,1,0,3,2,4,0,2,2,5,46
120.2195925,30.2226017,3,1,1,3,2,2,1,1,3,0,3,0,4,2,2,1,3,0,2,0,0,3,1,0,0,0,2,0,4,44
120.1336382,30.2338897,1,4,1,2,1,1,1,1,0,1,1,1,1,0,2,2,0,1,2,0,2,1,5,1,3,1,1,1,5,43
120.2630674,30.299384,5,4,2,2,1,2,1,2,4,3,3,1,0,3,2,2,1,2,1,2,2,2,0,0,1,0,4,1,4,57
120.2249672,30.1756152,4,1,1,1,2,2,1,3,4,2,5,3,0,1,3,2,0,3,2,1,1,3,0,1,4,1,3,1,2,57
120.2405415,30.2280323,1,4,1,3,1,1,1,1,4,0,5,2,0,3,2,1,0,1,2,0,0,0,5,2,4,0,2,0,5,51
120.2952728,30.1884831,6,3,2,1,1,2,1,2,3,2,3,3,0,3,1,1,4,0,0,2,2,3,0,1,1,1,2,1,2,53
120.2628279,30.3963229,3,2,2,2,1,2,1,1,3,0,2,0,3,1,3,1,4,2,0,2,0,0,0,1,2,0,1,1,1,41
120.2806609,30.2855132,5,2,2,2,2,2,0,2,4,3,5,2,3,0,2,0,1,0,1,1,1,4,1,2,1,2,3,1,0,54
120.2092589,30.189115,2,2,1,1,1,2,0,3,3,3,4,3,4,0,1,2,4,2,1,1,1,4,5,0,2,1,4,2,0,59
120.161079,30.2328219,2,4,1,3,1,2,1,2,0,2,0,3,3,0,2,1,4,0,2,0,0,1,0,3,0,0,1,0,4,42
120.2654932,30.206071,5,1,2,3,1,2,1,0,1,3,5,0,2,0,3,1,2,0,2,1,1,1,4,1,0,1,4,1,3,51
120.1942847,30.3546767,4,1,2,2,2,1,0,0,1,1,2,4,4,1,3,2,3,1,0,1,2,0,4,1,1,0,2,0,3,48
120.2567661,30.3987956,2,3,2,1,2,2,0,0,1,1,1,0,0,2,3,1,1,2,0,0,1,4,4,1,4,1,0,1,1,41
120.2261119,30.285478,1,5,1,2,1,2,0,2,0,0,3,1,0,2,1,1,2,2,2,1,2,1,1,3,0,0,2,0,2,40
120.2194046,30.3806021,3,5,1,3,2,2,0,2,0,1,0,0,1,2,2,2,4,1,0,0,2,0,2,1,2,1,0,2,1,42
120.1894125,30.192867,1,5,1,3,1,1,1,3,0,2,2,0,4,3,3,0,1,3,2,0,0,1,4,3,4,2,1,2,0,53
120.254572,30.2562749,4,3,2,2,2,2,1,3,1,1,1,1,0,0,1,2,3,2,0,1,1,2,0,3,3,1,0,0,2,44
120.2365748,30.3456158,6,5,1,2,2,1,1,2,3,3,1,0,0,3,2,0,0,1,1,1,1,0,4,1,4,2,2,1,4,54
120.2847192,30.3272901,1,4,1,1,1,1,0,3,1,0,0,1,1,3,3,0,2,2,2,1,1,4,2,3,3,0,4,1,5,51
120.2608606,30.2109729,2,3,1,1,1,1,1,0,1,2,4,4,4,0,2,2,0,3,2,0,0,3,0,1,1,0,0,2,3,44
120.2692721,30.1906066,2,3,2,1,1,1,1,3,3,0,1,1,4,1,0,2,4,3,0,2,2,3,2,0,3,2,3,2,3,55
120.1443368,30.3625538,7,4,1,2,2,1,0,0,1,2,3,2,4,3,0,1,4,1,0,1,1,3,4,2,1,0,0,0,1,51
120.2814976,30.3451355,1,3,2,3,1,1,1,2,4,1,3,0,3,1,3,2,0,2,0,2,2,3,4,0,0,0,0,1,2,47
120.2985172,30.3974524,7,2,2,3,1,2,0,3,0,2,3,4,0,2,2,2,3,2,0,0,1,1,2,3,2,1,3,2,4,59
120.2296002,30.234659,6,1,1,1,1,1,0,1,1,0,4,1,2,2,3,1,2,1,2,2,0,0,2,0,3,0,2,1,2,43
120.2793802,30.3733468,6,5,1,3,2,2,0,3,2,0,1,0,1,1,2,2,4,2,0,0,1,2,1,1,0,1,4,1,3,51
120.1470554,30.2369391,6,5,2,3,1,1,1,2,3,0,2,1,2,0,0,1,0,2,0,2,2,2,0,0,0,0,1,2,5,46
120.1993101,30.2161199,2,5,1,2,2,1,0,2,3,1,2,1,3,3,2,0,1,3,0,0,2,0,5,2,4,1,0,2,2,52
120.1735494,30.2412054,2,5,1,3,2,1,1,2,4,3,1,1,0,3,0,1,2,2,1,1,2,4,0,3,1,1,2,0,5,54
120.2160254,30.3996912,4,1,1,2,2,2,0,2,4,3,0,4,3,1,2,0,3,3,2,1,0,3,2,2,1,2,4,2,3,59
120.1916104,30.3445383,6,3,1,3,1,2,0,0,0,3,0,0,3,2,1,0,3,1,1,1,1,0,1,1,0,1,4,2,0,41
120.2931628,30.2654112,6,5,2,1,1,1,1,2,0,3,4,4,1,3,2,1,4,2,0,1,2,2,1,1,1,0,4,2,2,59
120.2100507,30.2466728,6,2,1,3,1,2,0,1,2,3,0,2,2,1,2,0,0,3,2,0,0,1,5,0,2,1,1,0,5,48
120.1892347,30.4173652,2,2,1,1,2,2,1,1,0,1,5,4,2,0,3,0,2,1,1,2,2,3,0,1,0,0,4,0,1,44
120.1859883,30.1898971,1,2,1,2,2,1,0,1,0,3,3,3,4,3,3,0,1,0,2,2,0,4,3,3,2,0,2,2,4,54
120.2963725,30.308842,5,1,1,2,1,2,1,1,4,2,5,1,3,3,2,0,4,2,0,2,2,4,3,1,0,1,0,2,2,57
120.2628464,30.1742517,6,2,2,2,2,2,0,2,4,1,2,3,0,1,3,2,4,2,0,1,0,3,5,3,4,0,1,2,4,63
120.2611794,30.3807644,1,5,1,1,1,1,0,0,4,3,2,2,2,1,0,1,1,0,0,1,2,2,4,0,2,0,2,0,4,43
120.2312562,30.3563843,6,2,1,2,2,1,1,2,2,1,4,3,3,0,1,2,4,0,0,1,1,2,5,1,0,1,4,1,4,57
120.1332713,30.2278088,4,4,2,2,1,2,1,0,4,1,0,3,0,2,3,1,3,2,2,2,1,3,0,0,4,2,4,1,3,57
120.1523749,30.3722395,7,1,1,3,2,2,1,1,4,0,2,1,4,2,2,0,4,0,1,1,1,4,3,0,1,2,0,2,4,56
120.1359572,30.182013,7,2,1,3,1,1,0,0,0,3,0,1,2,1,0,0,3,1,0,0,0,1,4,0,4,1,3,2,5,46
120.1580806,30.2185885,2,4,2,2,1,1,1,2,2,3,2,4,2,0,2,2,4,2,1,1,2,3,4,0,0,2,4,1,3,59
120.1913863,30.1741284,6,4,1,3,1,2,1,3,2,2,5,4,3,3,0,1,1,1,0,0,2,1,1,2,0,2,2,1,0,54
120.2891935,30.3272393,2,5,1,1,2,1,1,3,3,3,1,4,4,1,1,1,4,3,2,2,0,2,0,2,4,0,1,2,3,59
120.1430084,30.2027581,4,3,2,1,1,1,1,1,3,0,0,3,1,3,2,2,4,2,1,0,1,1,0,0,3,1,3,0,3,47
120.2837553,30.2095377,2,5,2,3,1,1,1,1,2,2,4,2,4,1,1,1,1,0,0,1,1,3,4,0,0,0,1,0,3,47
120.1515151,30.2710787,3,2,2,1,2,1,1,3,3,3,5,3,1,2,2,2,4,1,2,2,1,3,3,0,3,0,1,1,3,60
120.2425905,30.2043005,2,2,2,2,1,2,0,2,3,2,3,0,2,1,0,1,0,3,2,0,0,3,5,1,0,2,2,2,4,49
120.2077746,30.2746883,2,3,2,3,2,2,0,0,2,2,4,3,2,0,3,2,1,3,1,2,2,0,2,1,1,1,2,2,1,51
120.2392455,30.2737187,6,1,1,2,2,2,0,2,2,0,1,2,4,2,2,1,4,3,0,1,0,1,4,1,2,2,2,0,3,53
120.1454302,30.2759199,5,3,1,1,2,1,0,2,4,2,1,1,3,0,0,2,0,1,0,0,2,3,0,1,0,1,3,1,0,40
120.1836875,30.1890981,1,1,1,3,2,1,1,0,3,2,0,0,1,3,2,1,4,2,1,1,1,3,2,0,3,0,3,1,1,44
120.2826066,30.36755,7,1,2,2,2,2,1,1,3,2,4,3,4,0,3,1,4,2,0,0,0,0,3,2,4,0,0,2,5,60
120.2798409,30.3741445,2,5,1,1,2,2,0,3,0,2,0,3,1,0,1,1,1,3,0,0,1,1,3,2,2,0,2,1,2,42
120.2622602,30.3854679,2,1,1,2,2,1,0,3,3,1,1,3,3,2,0,2,0,0,2,1,2,1,2,0,3,0,3,0,2,43
120.2166165,30.3003718,6,3,1,3,1,1,1,2,2,3,4,4,3,2,3,0,1,3,0,1,0,3,5,0,2,2,4,2,0,62
120.1373944,30.2169643,7,5,2,2,2,1,0,2,4,3,1,2,1,2,3,1,1,3,2,2,0,4,0,2,1,2,4,2,1,62
120.1354538,30.3156404,2,5,1,2,2,1,1,1,3,0,1,1,2,3,1,1,3,1,1,2,1,0,1,2,1,0,0,1,0,40
120.2735234,30.3971873,4,2,2,1,1,1,1,3,1,3,0,3,4,1,1,2,1,1,1,1,2,4,0,1,1,1,4,2,2,51
120.1590252,30.3415892,3,5,1,1,1,1,0,3,4,0,0,0,2,1,1,2,3,2,0,2,1,1,4,2,3,1,0,0,3,47
120.236955,30.4136954,1,5,2,2,1,1,0,2,3,2,1,2,3,2,0,0,0,0,2,2,2,4,4,1,3,0,0,2,4,51
120.1598286,30.2969115,1,2,1,1,2,2,1,1,4,1,0,1,2,2,3,2,4,3,0,0,2,3,0,0,1,2,4,0,1,46
120.171713,30.3916456,5,3,2,2,1,1,1,1,1,0,4,4,1,2,0,2,3,2,1,0,2,2,4,0,0,1,2,1,5,53
120.2536746,30.3453584,2,3,1,3,1,2,0,1,2,3,1,2,4,3,2,0,4,2,2,0,0,2,4,0,2,2,1,2,2,53
120.2632936,30.1941203,3,5,1,1,2,1,0,2,3,1,3,2,3,1,0,1,2,0,1,2,1,2,2,1,2,2,0,0,5,49
120.1674658,30.346393,2,4,1,1,1,2,1,0,1,2,2,1,2,1,2,1,4,2,2,2,1,1,5,1,3,0,1,0,5,51
120.2404851,30.2798233,1,1,1,3,2,1,0,3,2,2,1,4,3,3,2,1,0,1,0,0,0,0,4,3,2,2,2,1,0,45
120.2777347,30.2929152,2,1,2,2,1,1,1,1,0,3,2,3,2,0,3,0,3,1,2,1,2,4,3,1,4,1,3,1,2,52
120.1646479,30.3794694,5,4,1,3,1,2,1,1,3,2,2,0,3,0,3,0,0,2,0,0,0,0,5,3,2,2,1,0,0,46
120.1851346,30.276018,3,5,2,3,1,2,0,3,0,2,1,3,3,0,1,0,1,1,2,1,0,2,4,1,3,1,2,2,2,51
120.1909256,30.2710233,6,5,1,2,1,1,0,3,3,2,5,4,2,2,2,2,3,0,1,1,2,0,0,0,1,0,3,1,0,53
120.2463553,30.3346703,6,1,2,3,1,1,1,3,0,1,0,1,3,2,1,0,0,3,2,1,2,4,3,0,1,2,2,0,0,46
120.1876478,30.3135898,2,5,2,3,1,1,0,0,2,0,1,1,4,3,1,1,3,0,1,0,0,1,3,3,1,1,1,1,1,43
120.2141406,30.1937071,3,5,2,2,1,2,0,1,0,1,2,1,2,0,2,2,1,2,2,1,1,2,1,1,3,2,4,1,4,51
120.1805209,30.1829779,7,4,1,3,1,1,0,2,3,2,1,1,3,3,1,1,4,0,0,0,2,1,4,3,4,1,3,1,0,57
120.2891908,30.1930252,7,2,2,3,2,2,1,3,4,0,2,0,4,1,1,2,3,0,1,1,2,3,3,3,0,2,2,2,3,61
120.250266,30.363174,5,3,2,3,2,1,0,1,2,2,2,2,0,1,1,2,4,0,2,2,1,4,3,0,2,1,0,0,0,48
120.2078613,30.3965233,5,5,1,2,2,2,0,3,3,1,4,1,2,0,0,0,1,1,1,2,1,2,4,1,4,0,0,1,5,54
120.2064678,30.3375643,6,2,2,3,1,2,0,3,4,2,4,2,4,2,2,1,3,2,1,1,0,2,1,3,2,1,2,2,5,65
120.1906745,30.3521928,5,3,2,1,2,2,0,3,4,2,1,3,0,0,3,1,3,0,2,1,0,0,2,1,1,0,3,1,4,50
120.1830986,30.2121046,3,3,2,2,2,1,0,1,3,0,4,4,3,1,2,2,0,3,0,2,0,1,1,1,4,2,0,1,1,49
120.2110532,30.3696741,5,3,2,1,1,1,0,0,0,0,4,2,1,0,0,2,0,3,1,2,2,2,5,2,0,0,4,1,3,47
120.2886821,30.3841389,7,1,1,1,1,1,1,1,4,2,0,1,4,2,2,1,1,0,1,1,2,0,0,0,3,0,4,2,3,47
120.2001906,30.1829195,3,3,1,1,1,2,0,0,2,0,5,0,3,3,0,2,1,1,1,0,0,1,2,2,4,1,1,2,1,43
120.2063431,30.401297,2,2,1,1,1,2,0,1,3,1,3,1,4,1,1,1,4,1,2,2,1,0,2,2,1,2,3,0,1,46
120.2594804,30.4175289,5,2,1,1,1,1,1,3,0,0,2,3,4,1,2,0,3,3,0,1,2,3,4,3,2,2,1,2,0,53
120.1957438,30.3654826,7,5,2,1,2,1,1,3,1,2,3,2,4,2,0,0,0,1,2,2,2,0,2,0,4,0,0,1,3,53
120.2645673,30.1957815,7,1,1,2,1,1,0,1,0,1,1,1,3,3,1,1,2,2,1,1,2,4,1,1,3,2,3,0,4,51
120.2240577,30.3442792,2,5,2,2,2,1,0,0,0,3,4,4,0,0,1,2,4,1,0,2,2,1,1,0,3,2,3,0,1,48
120.2996502,30.316459,4,2,1,2,2,1,1,2,2,0,1,0,4,3,3,2,4,1,1,0,1,0,1,0,3,1,1,2,1,46
120.1993108,30.2766762,5,5,1,2,2,1,1,3,3,1,5,0,3,0,2,2,0,0,2,0,1,1,5,2,1,1,4,2,0,55
120.1692368,30.3001635,3,3,1,2,2,2,1,2,3,2,5,2,2,3,1,1,0,2,1,0,2,0,3,2,3,2,0,2,2,54
120.2628281,30.1927986,4,3,2,1,1,2,1,2,0,2,1,1,4,3,0,2,2,2,0,0,1,4,2,3,3,2,1,0,3,52
120.2279308,30.3733488,1,2,1,3,2,1,0,3,4,1,1,4,2,3,2,1,1,0,0,2,2,3,2,3,1,0,4,1,0,50
120.1397761,30.2823984,6,3,1,1,1,1,1,2,3,2,4,3,2,0,3,2,3,1,2,2,1,2,1,3,0,2,2,2,0,56
120.1607464,30.3342605,1,3,2,1,1,1,0,0,0,2,5,2,1,3,1,2,2,2,2,1,2,4,1,1,0,0,0,2,4,46
120.1565822,30.3432565,1,1,2,1,2,2,0,1,4,1,1,2,2,2,0,1,4,2,2,2,0,0,1,2,2,1,0,1,2,42
120.1392429,30.1991782,1,5,1,1,2,1,1,0,2,0,3,4,0,1,1,0,1,2,0,2,2,2,0,2,0,1,0,2,0,37
120.2958391,30.4076757,6,2,2,2,2,1,1,2,0,1,3,3,3,0,2,0,1,0,2,1,2,0,2,1,3,2,0,0,4,48
120.2131582,30.3661659,3,4,2,3,2,1,0,3,3,3,2,4,3,1,2,2,1,3,1,2,0,3,5,0,1,0,1,2,2,59
120.297323,30.3933521,5,2,2,2,1,2,1,1,2,0,2,3,1,0,3,0,4,3,0,2,1,0,3,2,4,0,0,0,1,47
120.1670667,30.4084319,1,1,2,2,1,1,1,2,1,3,5,0,4,2,3,0,4,3,1,2,0,3,2,0,4,1,0,0,0,49
120.2295263,30.2324268,1,1,1,3,2,2,0,1,0,2,0,1,2,0,3,1,0,1,0,1,1,1,5,2,3,0,3,2,5,44
120.2452887,30.34075,1,2,1,1,2,1,0,3,0,0,3,3,1,3,3,1,4,3,1,1,0,2,3,1,2,1,2,0,1,46
120.1507805,30.4187836,4,4,2,2,2,2,1,0,0,2,4,1,1,0,3,2,2,3,1,2,1,2,3,3,2,0,2,1,1,53
120.2461867,30.3675777,6,4,2,2,2,2,0,0,0,1,3,4,3,3,0,0,2,0,0,2,0,2,5,1,2,1,4,0,3,54
120.2019945,30.1731956,1,1,1,1,2,2,0,1,1,1,0,3,2,1,0,1,3,2,1,2,2,4,2,2,0,1,1,1,0,39
120.2252082,30.3109137,1,3,1,2,1,2,1,0,3,1,4,2,2,3,3,1,1,2,0,1,2,1,4,2,0,0,3,2,3,51
120.2069856,30.3015514,5,2,1,3,1,1,0,0,2,3,4,2,1,3,0,0,1,1,2,1,0,2,4,3,1,0,2,0,2,47
120.254795,30.2256115,6,1,1,2,1,1,1,2,2,0,4,4,2,1,1,1,0,3,1,2,1,3,4,2,1,0,0,1,1,49
120.2373942,30.1905888,6,5,2,1,2,1,0,3,4,2,3,2,2,0,3,1,4,0,0,0,1,3,5,0,4,0,3,2,5,64
120.2944394,30.2309493,7,4,2,2,2,1,1,2,2,3,5,0,4,3,1,2,0,2,1,2,2,2,4,1,3,2,0,0,4,64
120.2207176,30.3793891,3,1,2,2,2,1,1,2,3,0,3,2,3,3,1,1,2,3,1,1,1,0,4,0,2,1,4,0,1,50
120.2474609,30.4062858,1,4,1,1,1,2,0,0,4,3,5,3,0,1,1,0,2,0,2,0,0,2,1,2,2,1,4,2,4,49
120.1984862,30.191064,4,1,1,2,1,1,0,1,0,0,4,4,0,2,3,1,4,3,1,1,1,3,3,0,4,0,0,0,3,48
120.2746683,30.2103843,3,1,2,2,2,2,1,1,4,1,1,3,2,1,2,0,2,2,1,0,1,4,1,1,1,1,1,2,5,50
120.2649725,30.3857028,5,5,1,1,1,1,0,2,3,1,5,0,2,3,3,1,2,0,2,1,2,2,3,3,2,0,0,1,5,57
120.1401636,30.2846269,2,5,2,1,2,2,0,3,2,1,1,4,0,3,1,0,0,3,0,1,2,0,2,2,1,2,2,0,5,49
120.2082773,30.2784002,1,5,1,3,2,2,1,1,3,1,3,4,1,0,1,1,3,1,0,2,2,1,1,1,4,0,4,0,4,53
120.2915502,30.2584313,1,3,2,1,1,2,1,1,2,0,1,0,3,2,2,2,2,0,0,1,0,3,0,2,1,0,3,2,5,43
120.2538021,30.2271006,5,5,1,3,1,1,0,0,1,3,0,1,0,3,2,2,4,0,2,1,1,1,2,3,0,2,1,1,2,48
120.2007544,30.2983389,4,1,1,1,1,1,0,3,0,2,5,2,2,1,3,1,2,3,1,0,2,2,1,0,4,2,1,1,4,51
120.2371489,30.346193,1,1,1,3,2,1,1,1,3,1,5,1,4,1,3,1,3,2,2,1,0,3,1,2,2,2,0,0,2,50
120.1876806,30.2344636,6,2,1,1,2,1,0,1,0,1,0,3,0,0,3,2,4,3,2,0,0,3,2,1,1,1,1,0,2,43
120.2699266,30.240256,1,2,2,3,2,1,1,3,3,2,0,0,4,1,3,2,1,3,1,0,2,3,4,2,0,2,3,2,1,54
120.278101,30.2814985,5,2,2,3,1,2,0,3,2,0,1,1,4,3,0,0,4,1,1,1,1,4,3,0,1,2,2,0,3,52
120.1687294,30.2850497,6,4,1,2,2,1,1,3,0,1,4,4,1,3,2,0,2,3,1,0,2,3,3,2,0,0,3,2,2,58
120.2414946,30.3998681,3,5,2,3,2,2,0,1,1,0,4,2,2,3,3,0,3,1,0,1,0,2,2,2,2,2,3,1,5,57
120.2501628,30.1906591,4,3,1,3,1,2,1,2,2,0,2,4,0,0,1,0,0,3,2,2,1,3,2,1,2,0,0,1,1,44
120.1693985,30.3008195,7,5,2,3,2,1,0,1,0,1,2,2,1,1,2,0,4,2,1,2,1,4,0,0,1,2,1,2,5,55
120.1361872,30.3479059,7,4,2,3,1,1,0,0,1,3,2,2,0,2,3,2,2,1,1,1,2,0,4,3,4,0,4,1,5,61
120.1879346,30.2750278,5,3,2,3,1,1,1,1,4,3,0,2,4,0,2,0,1,3,2,2,0,4,5,1,0,1,0,0,1,52
120.2102545,30.2371747,2,4,1,3,1,1,0,2,4,1,5,3,1,1,3,2,0,1,2,1,1,0,0,0,0,0,3,1,4,47
120.1557208,30.4141626,1,3,1,1,1,1,0,2,1,1,3,4,0,2,1,1,2,1,0,1,1,3,1,0,3,0,3,1,5,44
120.2875518,30.2082242,6,4,2,2,2,1,1,1,3,3,3,2,0,3,0,2,4,3,1,2,0,4,0,3,2,1,4,2,4,65
120.2689551,30.270332,2,1,1,1,1,2,1,1,4,0,0,4,0,1,0,1,0,2,2,1,2,4,1,0,4,1,3,0,1,41
120.2358378,30.3474513,3,5,1,3,1,1,1,2,1,3,5,2,0,2,3,2,3,0,2,0,1,4,2,0,3,1,0,1,0,52
120.2799133,30.1758211,5,5,1,3,2,2,0,1,3,1,2,4,1,0,3,0,4,3,2,0,1,3,4,1,1,1,1,1,3,58
120.1900174,30.3701596,4,2,1,3,1,2,1,2,4,3,0,1,1,3,1,2,2,1,0,1,1,1,1,3,3,2,2,2,0,50
120.2455828,30.2786054,4,5,2,3,1,1,0,3,4,3,5,0,3,0,0,0,0,3,0,1,0,2,2,3,4,0,0,0,0,49
120.2586393,30.3671413,7,2,2,3,1,1,1,2,2,2,5,2,3,2,0,0,0,2,2,2,1,3,4,3,2,2,2,1,1,60
120.2914338,30.1867509,4,5,2,2,1,2,1,3,4,2,2,1,1,3,0,1,4,0,1,1,1,1,3,1,2,1,1,2,1,53
120.2986316,30.3461226,7,5,2,2,2,2,0,0,3,3,0,1,3,1,1,2,2,2,0,1,0,0,0,1,0,0,3,2,4,49
120.1523859,30.1811707,5,1,2,2,1,2,1,1,2,1,3,2,4,0,0,0,4,2,1,2,0,2,0,1,4,0,1,1,0,45
120.2492229,30.1721596,3,1,1,2,1,2,1,0,3,1,4,4,3,1,3,0,1,3,2,1,2,3,0,1,4,1,3,2,3,56
120.2955136,30.3227686,6,1,2,3,2,1,0,0,0,3,3,2,2,3,2,1,4,2,2,0,0,2,1,0,3,0,0,1,2,48
120.2575062,30.3865768,1,3,2,2,1,1,0,1,3,3,0,4,1,3,1,1,4,2,0,1,2,4,0,0,0,1,0,2,0,43
120.2264674,30.3602347,3,4,2,2,1,1,1,2,2,1,0,4,2,3,3,2,1,2,0,0,0,0,5,2,1,1,1,1,5,52
120.2112526,30.2217388,5,3,1,2,2,2,1,2,1,0,1,4,2,1,1,0,3,1,1,0,1,1,3,2,0,2,4,0,0,46
120.1853227,30.3551615,4,2,1,2,1,1,0,3,2,0,2,4,3,0,3,2,2,3,2,2,2,1,0,3,4,1,1,0,1,52
120.202914,30.2245613,3,3,1,1,2,2,1,0,3,2,3,4,2,2,2,1,1,1,2,2,2,0,1,1,1,0,1,2,2,48
120.2633129,30.3631061,7,4,1,3,1,2,1,1,0,2,0,3,3,1,2,0,0,3,0,1,0,1,4,0,2,0,0,1,3,46
120.2655238,30.2907991,1,5,2,1,1,2,0,1,0,3,3,3,0,1,2,1,4,2,0,2,0,1,5,0,1,2,4,0,1,48
120.2129742,30.3072612,3,1,2,2,2,2,1,1,2,3,4,1,1,2,2,0,0,2,0,2,2,0,4,1,4,0,0,0,0,44
120.2752224,30.3376099,3,4,1,2,1,1,1,2,1,2,4,4,3,0,3,0,4,2,0,1,0,0,2,2,3,0,3,0,1,50
120.2714766,30.3041922,4,4,1,2,2,1,0,0,0,2,2,3,0,2,3,1,4,1,0,2,2,2,3,1,3,1,0,2,2,50
120.1681352,30.3140138,5,4,2,2,1,2,1,3,3,1,1,4,3,2,3,2,3,3,0,1,0,1,1,3,1,0,2,1,4,59
120.2520231,30.395893,2,3,2,2,2,2,1,1,3,0,1,1,2,2,3,2,4,3,0,0,1,0,5,2,3,0,1,2,1,51
120.2147769,30.2657603,7,3,2,2,1,2,1,1,2,2,2,4,4,0,3,0,4,1,0,2,0,0,2,3,2,1,4,0,1,56
120.2485144,30.1959101,7,2,1,3,1,1,1,0,1,0,5,1,4,2,1,0,0,0,0,0,0,0,2,0,0,2,4,2,5,45
120.2895655,30.2697027,6,5,1,2,2,2,1,3,4,2,1,3,4,1,0,1,2,2,0,1,0,0,5,1,2,0,2,2,4,59
120.2213664,30.3494515,6,4,2,2,2,2,0,1,1,0,4,0,3,0,2,2,1,0,2,0,1,0,4,2,4,1,4,2,2,54
120.2368764,30.2883557,3,1,2,2,1,2,0,0,3,2,5,0,2,2,1,0,4,3,2,0,2,0,4,0,4,2,0,0,0,47
120.1604409,30.3244323,5,5,1,2,1,1,1,1,0,1,4,3,1,2,1,0,4,0,2,2,1,4,5,1,4,1,3,1,3,60
120.2853125,30.2435227,3,4,1,2,1,1,1,1,0,0,2,0,2,1,3,2,1,0,0,1,0,0,1,1,2,0,3,2,5,40
120.2008551,30.2493266,7,4,1,1,2,2,0,3,0,0,4,0,1,3,2,1,1,2,2,0,2,2,5,3,2,2,2,0,2,56
120.2935844,30.2967236,2,5,2,3,1,2,0,2,0,2,4,4,3,2,0,0,1,2,1,2,0,3,3,1,3,1,2,1,3,55
120.1581297,30.3329733,6,5,2,3,1,1,0,1,2,0,5,3,3,2,1,2,0,1,0,2,0,2,2,2,3,1,0,0,3,53
120.1555297,30.2875031,4,2,1,1,2,1,0,3,4,0,2,4,2,0,2,2,1,1,2,0,0,4,0,1,0,2,0,1,3,45
120.1549021,30.1703716,2,5,1,1,2,2,1,3,4,1,0,3,2,3,1,2,1,0,0,0,0,0,5,3,0,2,3,0,3,50
120.1885104,30.1859881,2,5,1,2,2,1,1,3,2,3,3,2,1,3,1,1,3,2,2,1,0,3,5,0,4,0,3,2,3,61
120.2572548,30.3742283,7,5,2,2,1,1,0,0,0,1,5,3,3,1,0,2,3,2,1,2,0,1,2,3,2,1,0,1,4,55
120.195009,30.3531264,5,5,1,1,2,2,0,3,1,1,3,4,0,0,2,0,2,0,2,2,2,1,5,3,2,2,4,1,2,58
120.213385,30.3530811,4,3,1,3,1,2,0,3,3,0,4,2,0,2,1,1,0,3,2,0,2,0,1,2,4,2,0,0,5,51
120.1339332,30.418827,2,1,1,3,1,1,1,0,2,0,4,4,2,2,3,2,4,0,1,1,2,3,2,3,0,0,3,1,0,49
120.2366857,30.3294678,7,4,2,3,1,2,0,2,1,3,1,3,4,2,0,1,0,2,0,2,2,3,1,0,0,0,3,2,4,55
120.2182209,30.1762867,6,3,1,1,1,2,0,2,0,0,3,4,3,2,1,0,4,3,0,1,0,0,1,1,2,0,2,1,5,49
120.1746,30.1828487,6,5,1,1,2,1,1,0,3,2,1,2,2,2,3,1,1,3,0,2,0,2,5,2,0,2,3,2,2,57
120.1657941,30.2298903,4,3,2,3,1,1,1,1,1,0,4,2,4,1,2,1,2,2,0,1,1,3,2,2,3,2,0,0,5,54
120.1457217,30.3560662,3,5,1,2,1,2,1,3,1,1,0,3,3,1,2,1,2,2,2,0,2,2,4,3,2,0,3,2,1,55
120.240362,30.3363598,1,2,2,3,1,2,1,3,3,3,0,3,0,0,2,1,0,3,1,1,2,1,0,0,3,2,3,0,2,45
120.2817702,30.2147246,5,2,2,3,2,2,1,0,1,3,1,1,0,2,2,1,1,2,0,0,1,4,2,3,1,1,4,0,5,52
120.2554066,30.2821216,3,3,1,3,1,2,0,0,1,1,0,3,3,1,1,2,2,3,2,2,2,4,0,1,3,1,3,1,3,52
120.1756784,30.2637041,5,2,1,2,1,2,0,3,0,0,0,3,4,3,1,0,1,2,0,0,1,2,4,0,1,2,0,0,1,41
120.2988001,30.3136996,3,2,1,2,2,1,0,1,4,1,2,1,1,2,3,0,1,2,0,2,0,4,3,3,1,2,3,1,3,51
120.2840977,30.2129812,4,3,1,1,2,1,0,2,1,1,3,0,3,2,3,2,2,3,2,1,1,3,5,2,4,0,4,0,3,59
120.1383529,30.1882105,1,4,1,2,1,1,1,2,2,3,3,1,0,0,0,0,0,2,1,0,0,4,0,1,0,1,4,0,1,36
120.2128397,30.1762518,3,1,2,2,1,2,0,3,1,2,4,2,2,2,0,2,1,2,0,2,0,4,5,3,1,0,0,0,0,47
120.1977647,30.1730948,6,3,1,3,2,2,0,2,0,1,4,3,2,2,2,0,4,2,0,0,2,2,4,2,1,0,2,0,0,52
120.2223466,30.2283221,7,4,1,2,2,2,0,2,1,1,3,2,4,0,2,2,1,0,0,2,0,0,0,2,3,1,0,1,5,50
120.2071525,30.2151812,1,1,1,1,1,2,0,2,1,1,1,3,4,0,3,1,2,1,0,0,1,2,0,1,3,1,3,1,3,41
120.287025,30.182614,1,3,2,2,1,2,0,0,1,3,3,0,0,2,2,0,4,1,2,0,0,3,5,2,2,0,1,1,4,47
120.2749747,30.3333714,3,3,2,1,2,1,1,3,4,1,3,0,0,0,1,0,2,0,0,1,0,4,4,0,0,2,1,1,0,40
120.226963,30.2338326,6,1,2,3,2,1,1,0,3,0,5,3,1,0,0,2,0,1,0,2,1,0,1,1,1,1,1,1,3,43
120.2131416,30.3914616,7,5,1,1,1,2,0,2,1,1,1,1,1,3,3,1,0,0,2,2,2,1,3,1,3,1,2,0,2,50
120.1933584,30.3679301,4,1,2,3,2,1,0,1,0,3,0,0,4,3,1,2,4,2,1,1,0,4,3,2,2,0,2,1,5,54
120.1601995,30.3052167,7,4,2,2,1,1,0,1,1,3,2,3,4,3,2,0,3,3,1,2,0,2,4,1,2,0,0,2,4,60
120.1694075,30.2348748,3,3,1,1,1,1,0,3,4,1,5,4,0,2,1,2,4,0,0,0,2,4,3,3,4,2,2,2,1,59
120.259083,30.3352006,6,1,1,1,1,2,1,2,4,3,1,2,1,0,1,1,3,1,2,1,0,0,1,0,2,2,1,2,5,48
120.1617651,30.3716866,4,5,2,1,1,2,0,2,2,0,0,1,0,3,0,0,1,3,1,1,1,1,3,1,4,1,2,2,5,49
120.1423611,30.4075993,6,4,1,2,2,2,1,2,3,2,1,1,3,0,0,1,4,2,1,0,2,4,0,0,0,1,3,0,1,49
120.1602152,30.2023276,5,4,1,3,2,1,1,3,1,3,1,1,4,0,0,2,4,0,1,2,1,0,0,0,0,1,3,1,4,49
120.1704474,30.21016,7,3,2,3,1,1,0,3,0,1,2,4,3,2,1,1,0,2,0,1,2,2,4,3,3,2,2,1,3,59
120.2363302,30.2606222,7,5,1,1,2,1,1,2,1,1,5,4,2,2,2,2,0,1,0,0,1,0,2,3,3,2,4,0,2,57
120.2808139,30.3236107,6,5,2,3,2,2,0,0,1,2,2,2,1,3,2,0,2,0,2,1,1,2,1,2,1,1,1,0,3,50
120.2383044,30.270603,7,2,2,2,1,1,1,3,0,1,3,2,0,2,3,2,2,0,0,2,2,4,1,0,3,2,2,1,2,53
120.1694885,30.2119218,6,2,1,3,2,2,1,3,2,0,0,0,2,1,2,1,0,2,0,2,0,2,3,0,2,1,0,1,2,43
120.2114634,30.307861,6,1,1,3,2,1,0,0,4,0,0,2,0,2,2,1,0,1,1,1,0,3,0,2,4,1,4,1,3,46
120.1563338,30.2422543,5,2,2,1,1,2,1,3,4,2,4,3,4,2,2,2,2,3,1,2,2,2,3,3,1,2,1,2,2,66
120.2152825,30.2311094,2,4,1,2,1,2,1,2,0,1,3,4,2,2,3,1,3,0,1,0,1,3,2,3,2,2,3,0,1,52
120.1517195,30.3908029,3,1,1,2,2,2,0,2,4,1,5,3,4,3,0,0,2,2,2,1,2,2,5,3,2,2,0,1,2,59
120.277637,30.3652322,7,2,2,3,2,2,1,1,2,3,2,3,1,0,1,2,4,0,0,2,2,1,5,3,0,1,0,2,0,54
120.2136665,30.2651039,3,4,1,3,2,2,0,2,2,0,2,1,3,2,3,1,4,0,1,0,2,1,3,0,4,0,1,1,1,49
120.1866928,30.3598381,4,4,1,1,1,1,1,3,0,3,1,3,4,0,0,0,3,1,2,0,0,4,1,0,4,1,2,2,1,48
120.1962773,30.2141375,4,1,1,3,2,1,0,1,0,2,3,1,1,2,2,1,1,3,0,2,0,1,4,3,3,0,1,2,4,49
120.2859067,30.2083495,4,2,2,3,1,2,0,2,2,3,1,0,3,1,0,0,4,3,0,0,2,0,2,2,2,2,3,2,0,48
120.175291,30.2057623,4,2,1,1,1,2,1,2,0,2,1,3,1,0,2,1,2,2,2,0,1,1,5,0,0,1,2,0,2,42
120.2924004,30.2475906,4,4,1,2,1,2,0,1,3,2,2,1,3,0,3,0,0,1,0,1,1,2,4,3,4,0,3,2,5,55
120.1500421,30.2121341,4,5,2,3,1,2,0,2,4,0,5,1,1,2,1,0,2,0,1,1,0,1,2,2,4,1,3,0,4,54
120.1665833,30.2903556,2,2,2,1,2,1,0,1,2,3,2,4,3,3,2,1,2,2,1,1,0,0,5,2,3,0,3,0,0,50
120.2747777,30.3595178,7,2,1,1,2,1,0,0,1,1,4,3,2,0,3,0,3,0,0,0,2,3,1,0,4,1,2,1,0,45
120.2754689,30.2809919,6,4,1,2,1,2,1,1,1,0,3,1,1,0,3,1,1,0,2,1,1,1,5,2,0,2,1,2,5,51
120.1423913,30.3851586,4,3,1,3,2,2,0,3,4,0,5,4,0,0,0,2,4,0,0,2,2,0,5,1,2,0,4,0,1,54
120.2625898,30.3752845,3,5,2,3,2,1,1,2,3,1,0,1,2,3,2,2,0,2,1,0,0,2,2,0,0,2,1,1,4,48
120.2132862,30.3385987,2,4,1,3,2,1,1,0,1,0,5,1,0,3,3,0,1,1,1,1,1,2,1,3,1,2,4,0,1,46
120.1572235,30.1815697,3,2,2,2,2,1,0,0,4,0,3,0,3,3,0,2,3,0,2,2,1,3,3,2,4,0,0,0,3,50
120.1465505,30.1832223,7,1,2,3,2,1,0,1,2,0,2,0,2,0,0,0,3,2,2,0,1,4,5,1,0,2,4,1,2,50
120.2047563,30.354261,4,3,2,1,2,1,1,2,2,3,5,1,4,1,2,2,4,3,1,0,0,3,3,3,0,0,1,2,0,56
120.2606121,30.292722,3,5,1,2,1,2,0,3,0,0,5,1,1,1,3,0,3,3,1,1,2,4,2,1,1,1,1,1,2,51
120.1731057,30.1836605,4,2,2,3,1,2,0,1,4,0,3,2,1,1,2,2,1,1,2,2,2,2,0,1,3,1,0,1,5,51
120.1314095,30.2213941,7,1,1,3,1,2,1,3,0,0,2,1,3,1,3,1,0,1,2,2,1,2,2,0,1,1,1,1,0,44
120.2454276,30.3136944,3,4,1,3,2,2,0,2,3,2,0,0,3,0,2,1,3,1,0,2,2,3,0,2,1,1,0,2,0,45
120.1888313,30.2060769,3,4,2,2,1,2,0,2,3,1,4,2,3,2,3,2,4,1,1,1,1,4,2,2,0,2,0,0,3,57
120.2223045,30.1960201,6,5,2,3,2,2,1,3,2,2,5,0,1,2,3,1,4,3,2,1,1,4,5,0,1,2,3,0,1,67
120.145635,30.2937844,3,2,1,2,1,1,0,3,1,2,1,0,0,2,3,2,2,3,1,2,2,3,4,1,1,1,4,0,0,48
120.1925382,30.3755553,1,3,2,2,1,2,1,0,3,2,2,4,2,1,2,2,1,0,0,0,2,4,1,0,2,0,2,0,0,42
120.220666,30.1901124,5,1,1,3,2,2,1,2,3,0,2,4,4,2,2,0,4,0,1,1,2,0,4,1,3,1,4,0,0,55
120.1560799,30.1972836,4,4,2,3,2,2,1,0,2,1,0,3,4,0,1,0,4,2,2,1,2,0,1,2,4,2,3,2,3,57
120.1846988,30.3320602,4,1,1,3,2,2,1,0,1,1,5,1,2,1,1,1,4,0,2,2,0,0,0,1,2,1,3,0,1,43
120.1997573,30.3844389,5,2,1,3,1,1,1,3,0,1,3,3,4,3,2,0,4,2,1,0,1,0,3,3,2,2,3,1,2,57
120.2284176,30.3259235,5,2,1,2,1,2,1,2,1,2,3,1,2,0,1,1,4,1,0,0,2,0,5,2,3,2,4,2,1,53
120.1946972,30.2690706,1,1,2,1,1,1,1,2,4,1,4,4,1,0,0,2,4,0,2,0,1,0,1,2,0,1,3,0,3,43
120.2472471,30.3453037,5,4,2,2,1,1,0,2,4,2,4,4,0,1,2,1,4,2,2,1,0,4,4,1,2,2,0,2,3,62
120.2309874,30.3638271,4,3,2,3,2,2,1,0,2,0,3,4,3,2,3,1,1,3,1,0,1,4,1,1,4,2,1,2,2,58
120.2392308,30.3875265,3,3,2,3,1,1,1,1,4,3,3,0,4,3,3,0,1,1,0,1,1,0,1,1,3,0,0,2,1,47
120.0896817,30.2846833,4,4,1,2,1,2,0,3,2,0,2,3,1,2,3,2,0,2,2,2,0,3,4,1,2,2,2,0,0,52
120.0454352,30.2301186,4,4,2,1,2,1,0,2,0,1,2,2,3,2,3,0,0,1,1,0,0,3,2,2,0,0,2,0,4,44
120.0172885,30.2761428,6,5,2,1,1,1,1,2,2,1,1,1,2,2,3,0,4,0,0,0,1,0,2,3,3,1,4,1,4,54
120.0350313,30.3104935,4,1,1,3,2,2,0,3,1,0,2,4,1,1,3,0,2,3,2,2,1,2,3,1,4,0,3,1,0,52
120.0371032,30.3578717,7,1,2,2,2,1,0,1,0,1,1,2,0,2,1,1,2,1,2,1,2,3,1,3,1,2,2,0,5,49
120.0142561,30.3802311,6,3,1,3,1,2,1,0,3,2,2,4,1,2,3,1,3,0,2,0,2,2,3,0,0,1,0,1,3,52
120.041528,30.2941364,2,2,2,3,2,2,1,2,1,3,3,0,4,1,2,0,4,1,1,2,1,0,0,3,0,2,4,2,1,51
120.024313,30.1930857,1,2,1,3,1,1,1,3,1,2,4,1,2,3,3,2,0,0,2,2,1,4,3,3,4,2,4,1,2,59
120.0430916,30.3848803,1,5,1,1,2,1,1,0,2,0,3,2,2,3,1,2,4,0,1,1,1,3,5,0,3,2,2,1,5,55
120.1268829,30.1705838,3,2,1,2,1,2,0,2,1,3,4,2,1,3,3,0,0,1,0,2,1,1,1,3,2,1,1,2,0,45
120.0847855,30.2349316,6,1,2,2,1,1,0,1,2,0,2,3,4,3,3,1,4,0,2,0,2,2,3,0,1,0,4,0,1,51
120.0047173,30.3062512,2,3,2,2,1,2,0,2,3,2,4,4,4,1,2,2,1,0,0,1,0,4,1,1,2,0,4,0,2,52
120.1104013,30.2408327,3,5,1,2,1,2,0,3,4,0,0,0,2,0,3,1,1,1,1,1,2,1,0,0,3,1,1,2,4,45
120.0056882,30.1789269,4,4,1,2,1,1,0,3,2,3,0,3,1,3,2,2,3,3,1,0,1,1,4,2,1,0,4,0,1,53
120.1066378,30.3758919,5,1,1,3,2,2,1,1,0,3,0,1,4,0,2,1,4,1,2,2,0,3,2,2,3,0,4,0,3,53
120.0983313,30.2033783,2,4,2,3,1,2,0,0,2,1,0,2,3,1,0,1,1,1,1,2,0,3,3,0,4,2,3,0,1,45
120.0018825,30.23653,3,5,1,1,2,2,0,0,0,1,2,3,1,1,1,0,4,0,2,2,2,0,2,2,3,1,4,2,4,51
120.0295594,30.2837022,2,1,2,2,1,1,0,3,2,3,3,2,2,1,0,0,4,3,0,2,1,4,2,2,1,2,2,0,5,53
120.1200594,30.377981,2,4,1,2,1,1,0,0,2,1,3,4,4,0,0,2,3,3,0,1,1,3,5,2,3,0,0,1,4,53
120.0074103,30.2084104,2,1,1,2,1,1,1,0,4,3,4,2,1,0,1,0,1,3,0,1,1,2,2,3,3,1,2,1,5,49
120.0324747,30.3618504,2,1,1,3,2,1,0,1,4,0,1,2,1,1,3,2,0,1,0,1,0,4,0,3,4,1,4,0,3,46
120.1074477,30.4000357,1,5,2,1,1,2,1,2,3,2,3,1,1,1,2,0,3,3,1,1,1,2,4,3,2,1,1,1,1,52
120.039373,30.3579628,4,3,1,2,2,1,1,3,3,1,2,4,1,1,3,1,2,2,0,2,1,1,4,3,2,0,1,2,2,55
120.0508393,30.2668268,1,4,2,3,1,1,0,2,0,1,1,2,3,0,2,1,3,2,2,1,2,2,1,2,4,2,1,2,0,48
120.0260429,30.242547,5,3,1,2,2,1,1,0,2,1,2,1,1,2,1,2,3,1,2,1,2,4,1,0,1,0,2,1,4,49
120.0778782,30.4037452,5,4,1,1,1,1,1,1,4,2,3,1,2,2,2,1,3,1,1,1,0,2,2,3,1,2,0,0,1,49
120.12986,30.2440959,4,1,2,3,1,2,0,0,4,1,1,3,3,1,2,0,1,2,0,2,2,2,1,0,1,2,3,0,2,46
120.0616607,30.1937489,1,3,1,3,2,1,1,1,1,2,2,3,3,2,2,0,2,2,0,0,1,2,2,2,2,0,3,0,3,47
120.1268612,30.3583103,1,5,1,3,1,1,0,2,0,0,1,4,4,0,1,2,4,1,1,2,1,0,4,1,3,2,2,1,5,53
120.1132763,30.3595093,4,2,2,3,1,2,1,2,2,2,4,2,0,2,0,0,2,1,2,1,1,1,4,0,1,2,0,1,0,45
120.0995696,30.3535503,2,2,1,3,1,1,1,3,2,1,3,0,2,2,2,1,1,3,1,2,2,2,1,3,1,0,3,0,3,49
120.00871,30.3670245,1,2,1,3,2,2,0,0,3,0,2,4,3,2,0,2,3,0,2,1,1,2,1,1,3,1,1,0,1,44
120.1207762,30.3937339,2,3,2,3,2,2,0,1,3,2,3,3,0,2,2,0,1,3,2,0,1,3,2,3,2,1,2,1,3,54
120.1235251,30.3015968,3,4,1,2,2,1,0,2,1,1,4,4,4,2,1,1,1,3,0,0,0,0,0,2,1,0,1,1,4,46
120.0705756,30.3371007,3,3,2,3,2,1,0,3,4,0,5,1,2,2,1,0,0,2,0,1,0,1,3,1,4,2,3,2,3,54
120.0685958,30.2216315,7,1,1,2,2,1,0,1,4,2,4,0,0,1,2,2,1,2,1,0,2,3,2,2,1,0,4,1,5,54
120.0104318,30.4161589,4,5,1,1,2,1,1,1,0,3,5,3,1,2,0,1,0,2,2,1,0,1,0,2,1,2,3,0,1,46
120.0084053,30.3243829,6,1,1,2,2,1,1,3,3,0,0,0,2,2,1,0,2,3,2,1,2,3,4,3,4,2,3,0,0,54
120.0048587,30.2047971,2,4,1,1,2,1,0,1,4,2,4,3,2,0,0,1,3,3,1,2,0,3,2,0,2,0,4,2,1,51
120.0421371,30.1727818,7,5,1,3,1,1,1,1,3,0,4,4,4,0,0,1,2,3,0,2,2,3,1,0,4,1,2,0,5,61
120.0433907,30.3364708,1,4,2,1,1,1,1,3,4,2,0,4,3,0,2,1,1,3,2,0,0,0,1,0,0,0,3,1,1,42
120.1196893,30.1847039,4,5,2,3,1,2,0,3,2,0,3,1,2,3,2,0,2,1,0,2,2,3,1,0,2,2,0,0,2,50
120.052937,30.2292861,7,3,1,2,1,2,1,2,3,3,0,0,0,0,2,1,3,3,1,1,2,3,4,2,0,2,2,0,1,52
120.035522,30.2267608,4,5,1,3,2,2,0,2,0,2,3,4,2,2,3,0,4,1,2,1,0,0,3,1,2,2,2,2,4,59
120.0901027,30.3346278,5,4,2,3,1,1,1,0,0,0,2,2,0,1,2,1,2,2,1,2,2,3,1,1,0,1,0,2,5,47
120.0078641,30.31186,7,3,2,2,2,2,0,1,1,3,2,4,1,2,1,2,4,2,1,1,0,4,2,2,3,0,0,1,3,58
120.114144,30.30834,4,2,1,1,1,1,1,1,3,1,5,3,4,3,0,2,0,1,0,0,0,2,2,1,2,1,1,0,3,46
120.1116359,30.307053,5,1,2,1,1,2,0,3,2,2,3,3,1,3,3,0,2,1,0,2,2,0,2,0,2,1,1,2,4,51
120.031132,30.2469748,1,5,2,2,1,1,0,2,0,0,0,2,1,0,0,0,4,0,0,2,1,3,5,0,0,0,4,0,5,41
120.0093461,30.2981692,1,5,1,2,1,2,0,1,0,3,3,3,1,0,2,0,1,1,0,0,1,1,3,0,0,0,1,0,0,33
120.0635145,30.3263149,5,2,2,3,1,1,1,2,2,3,0,1,2,2,2,0,1,2,2,1,2,2,2,3,0,0,4,0,2,50
120.0327624,30.3023901,3,1,2,1,1,2,1,3,2,1,0,3,0,2,3,0,1,3,1,2,0,0,3,3,3,2,2,2,0,47
120.0771278,30.4016801,6,1,1,2,1,1,1,1,1,2,5,2,1,3,3,1,2,1,0,0,2,4,3,2,1,2,4,0,5,58
120.1245348,30.1927599,4,2,2,3,2,2,0,2,0,3,5,4,1,3,2,1,2,2,0,1,2,2,1,2,3,0,1,1,5,58
120.1149537,30.1815521,1,4,2,3,1,1,1,1,3,0,3,1,0,1,1,0,4,3,0,0,2,2,0,2,4,1,4,1,4,50
120.0493051,30.3759104,3,1,1,1,2,1,0,0,0,1,4,2,2,2,1,2,4,0,2,1,0,0,3,2,2,0,0,1,0,38
120.0198185,30.2905633,5,4,2,2,1,2,1,1,1,3,5,4,0,1,0,2,4,0,0,0,1,1,5,1,1,0,4,2,3,56
120.1252021,30.3274357,3,5,1,3,1,1,0,3,2,3,5,4,1,0,1,0,1,3,1,1,2,2,1,2,3,0,1,1,1,52
120.0858743,30.3616537,5,2,1,1,1,1,1,3,0,3,5,3,3,2,2,0,0,3,2,0,2,1,2,1,2,1,1,1,0,49
120.1116057,30.2713337,3,5,2,3,2,2,0,0,3,3,4,1,1,1,0,0,3,2,0,1,1,4,2,0,0,2,3,0,0,48
120.0613798,30.3124562,5,1,2,1,2,2,1,0,4,0,3,4,4,3,0,2,3,1,0,1,2,4,1,1,3,1,2,2,1,56
120.0286104,30.3062826,1,1,2,3,2,1,0,1,4,0,2,2,2,2,2,1,3,1,2,2,0,4,0,0,4,2,1,0,5,50
120.0975256,30.2787774,2,1,1,3,2,2,0,0,0,1,1,3,4,3,2,0,0,1,1,0,2,3,5,0,0,1,4,0,3,45
120.1257541,30.3534014,2,5,2,1,1,2,0,3,4,1,0,0,0,3,2,2,4,3,0,0,1,4,1,3,0,2,3,0,3,52
120.0384117,30.3975244,5,5,1,2,1,2,0,3,3,3,5,0,2,2,1,2,0,2,0,0,1,1,1,1,3,2,4,2,0,54
120.1259135,30.2711021,6,1,2,2,1,2,0,3,0,0,0,0,4,3,1,1,4,3,1,1,1,3,0,1,3,2,4,2,0,51
120.0114094,30.306083,7,5,2,1,1,2,0,0,4,0,5,4,4,0,1,2,3,0,2,0,1,4,5,0,1,1,1,1,3,60
120.0135514,30.2994487,7,3,2,2,2,1,1,1,3,1,3,2,4,3,2,0,3,0,1,0,2,3,5,3,4,0,3,0,0,61
120.0098797,30.2665106,3,3,2,1,2,1,1,1,4,2,0,2,0,0,0,2,1,2,2,2,0,4,1,1,1,2,2,1,1,44
120.0509114,30.2047745,1,3,1,3,1,1,1,2,1,1,0,0,4,3,1,0,3,0,2,0,0,3,1,2,4,1,3,2,4,48
120.0666641,30.221567,1,5,2,1,2,2,0,0,0,1,2,3,4,2,3,1,4,3,0,2,2,0,5,0,3,1,1,0,0,50
120.0682194,30.265101,3,1,2,3,2,2,0,3,3,2,5,3,0,3,0,2,4,3,2,0,0,0,1,2,2,0,3,2,0,53
120.0442915,30.3539365,1,2,2,1,2,2,0,1,1,1,2,3,0,1,2,0,3,0,0,1,0,4,4,3,4,0,2,0,4,46
120.0272236,30.1933512,4,1,1,3,2,1,1,3,3,3,2,2,0,3,3,1,3,0,2,2,2,2,4,0,2,2,4,1,3,60
120.0617172,30.3203516,1,3,1,2,1,2,1,1,1,0,3,2,3,0,1,1,4,2,0,0,2,1,5,0,3,0,2,0,3,45
120.077811,30.2888588,2,5,1,1,1,1,1,3,2,3,3,4,4,1,1,1,4,1,2,2,0,4,5,1,3,0,3,2,4,65
120.0006404,30.2953997,1,4,1,2,1,2,1,1,4,0,5,2,4,1,3,1,4,2,0,2,0,0,1,3,1,1,4,2,1,54
120.0866349,30.219689,3,3,2,3,1,1,0,1,4,3,2,3,4,1,3,2,0,0,2,0,0,1,5,1,2,1,2,2,2,54
120.0447222,30.2375588,2,3,2,2,1,1,1,2,0,2,4,0,3,3,3,1,3,0,0,0,1,0,4,2,0,1,1,1,2,45
120.1228935,30.2540064,7,5,2,3,1,1,0,3,1,0,3,2,1,2,1,2,3,0,2,1,0,2,4,1,1,2,4,0,0,54
120.0665734,30.3741225,5,1,1,1,2,1,0,1,0,3,5,1,0,0,1,1,3,2,1,0,1,3,3,2,0,2,2,2,1,45
120.0069891,30.1890774,2,2,2,3,1,1,1,3,2,0,4,2,1,3,1,1,4,3,0,0,2,2,2,1,3,0,3,2,2,53
120.0535021,30.3837124,6,2,1,1,2,1,0,2,0,2,5,1,0,2,2,2,4,1,2,0,2,4,1,0,3,1,2,2,5,56
120.1293259,30.2754779,6,3,1,3,1,2,1,0,0,3,5,0,4,3,2,1,3,3,1,1,0,0,2,1,3,2,1,1,5,58
120.1126274,30.3131968,7,2,1,1,2,2,0,3,1,3,2,0,2,1,1,2,4,2,0,2,1,0,5,0,2,0,1,0,1,48
120.1085844,30.2946198,4,5,2,3,2,2,0,1,0,0,1,3,3,2,2,0,2,0,1,1,2,1,0,2,3,1,2,2,2,49
120.0822472,30.2087751,4,3,2,1,1,1,1,0,0,1,4,1,3,2,1,1,2,2,0,2,2,3,1,3,2,1,4,1,1,50
120.0547342,30.1964754,3,4,1,2,1,2,1,3,1,0,5,1,1,1,3,2,3,1,2,1,1,1,3,0,0,1,2,2,4,52
120.0669138,30.316526,4,4,2,3,1,1,0,1,1,0,4,0,1,1,0,1,2,3,0,1,0,4,3,2,2,1,0,0,0,42
120.1174003,30.4181314,5,5,1,3,2,2,0,3,3,2,2,1,3,3,2,0,4,1,1,0,1,4,1,1,2,2,1,1,0,56
120.1001644,30.1719381,7,3,1,1,1,2,0,3,3,2,0,0,1,0,1,2,0,1,0,0,2,0,1,2,0,2,1,1,0,37
120.0860744,30.1729824,7,3,1,1,1,2,0,1,4,1,1,3,3,0,1,0,4,0,2,2,0,2,3,0,0,2,2,2,3,51
120.0999501,30.2128925,3,5,1,3,2,2,1,3,4,1,1,3,1,1,0,1,3,0,1,2,1,2,0,1,2,2,1,1,4,52
120.0343918,30.1831421,1,2,2,3,2,2,0,3,4,0,3,3,2,0,3,2,1,2,0,1,2,0,4,2,4,2,2,2,2,56
120.0112333,30.1732376,7,5,1,2,2,1,1,0,2,2,4,1,3,2,0,2,0,2,1,2,0,1,1,2,2,0,0,2,5,53
120.0677382,30.2825076,1,1,2,3,1,2,1,0,3,3,5,1,2,1,3,1,2,1,0,0,1,0,5,1,1,0,3,1,1,46
120.1084087,30.2875282,4,5,1,3,1,1,0,3,0,3,5,4,1,1,3,1,4,3,2,1,0,4,5,1,2,1,4,1,4,68
120.1289449,30.3416586,1,3,1,2,1,1,0,0,1,0,5,3,3,1,3,2,4,0,2,2,1,0,4,3,1,1,2,2,3,52
120.0243312,30.352503,7,3,1,3,1,1,0,3,0,3,4,1,3,1,3,0,1,3,1,0,0,4,4,0,4,0,4,2,0,57
120.0135601,30.2745698,7,5,2,1,1,1,0,3,1,2,2,1,1,0,3,1,0,1,2,0,0,2,1,0,0,1,4,1,2,45
120.055266,30.2210092,5,4,2,1,1,2,0,1,1,0,2,0,4,0,0,2,4,1,1,0,1,0,0,1,1,0,1,2,3,40
120.0126085,30.1979599,6,4,2,2,2,2,1,1,4,1,4,0,2,3,1,2,2,1,0,2,2,0,4,2,2,0,3,2,4,61
120.1177725,30.3361389,5,2,2,2,2,2,1,1,0,3,5,3,2,1,2,2,0,0,1,0,1,4,4,3,4,0,3,0,4,59
120.0282951,30.3639895,5,4,2,1,2,1,0,0,0,2,2,1,2,3,0,0,4,1,2,1,1,2,0,0,0,0,4,0,4,44
120.1247166,30.3016884,5,5,2,1,1,1,0,2,3,3,3,0,2,1,2,2,4,3,0,1,2,0,5,1,3,1,0,0,0,53
120.0317241,30.1875837,4,2,1,3,2,1,1,0,4,3,4,1,0,1,1,0,3,0,1,0,2,0,1,0,4,0,2,1,5,47
120.0763074,30.4146141,4,1,1,3,1,2,0,1,3,1,5,0,1,1,1,1,4,0,0,0,2,2,0,0,1,0,2,0,4,41
120.0421385,30.3403141,2,4,1,1,2,1,0,0,0,1,0,3,1,2,1,0,4,0,2,0,2,1,5,2,2,2,2,0,5,46
120.1261056,30.4005537,4,4,2,1,1,1,1,1,2,3,5,2,3,0,3,1,1,2,2,2,0,0,2,0,0,0,1,2,1,47
120.0303263,30.2267494,6,5,2,1,1,2,0,2,4,3,3,1,0,0,1,2,2,2,2,0,1,3,2,1,4,1,1,2,1,55
120.1026056,30.4193902,1,1,1,1,2,2,0,0,1,3,2,3,0,2,3,2,1,1,2,1,0,2,2,0,4,1,1,2,4,45
120.0253991,30.284123,2,2,2,3,2,1,1,0,0,3,1,2,1,1,1,0,1,0,2,0,1,2,4,2,3,1,2,2,4,46
120.0420406,30.3491582,7,3,1,1,2,1,0,2,1,1,0,3,3,3,0,2,2,1,2,0,1,3,5,1,3,1,2,0,1,52
120.0227318,30.2025782,4,4,2,3,2,1,1,2,0,0,2,2,4,3,2,2,1,3,1,0,1,4,2,1,3,2,1,2,3,58
120.1112224,30.2438782,5,4,2,1,1,2,0,0,1,2,4,2,4,3,1,1,4,0,0,1,2,0,4,0,1,0,2,0,4,51
120.0590076,30.2344954,2,3,2,1,2,1,0,2,3,2,0,3,3,3,3,2,1,0,1,0,0,0,2,0,3,1,4,1,5,50
120.0091452,30.2407072,6,4,2,1,2,1,1,1,2,0,4,2,1,3,2,0,2,1,0,2,2,2,2,1,2,0,4,2,0,52
120.0410281,30.2870934,3,1,1,1,1,2,1,1,1,0,5,3,1,1,2,0,3,0,0,2,2,1,0,2,1,0,4,0,0,39
120.05721,30.4016167,5,2,1,1,1,2,0,3,1,3,1,3,4,1,3,1,0,0,1,2,2,2,0,0,1,2,3,0,2,47
120.0859783,30.3867971,5,5,1,2,1,2,1,1,2,3,3,2,2,0,1,0,1,1,0,2,0,4,5,1,4,2,1,0,2,54
120.0954384,30.3540397,3,2,1,1,1,2,0,3,3,0,2,2,1,0,2,0,4,2,2,1,0,3,2,3,1,2,2,1,1,47
120.0243379,30.4152625,1,3,2,3,1,1,1,2,1,0,1,4,0,3,1,0,0,2,2,2,1,4,3,1,2,0,4,1,5,51
120.0377968,30.212927,2,1,1,2,2,1,0,3,1,3,1,1,3,0,2,0,2,0,2,1,2,3,0,2,0,0,4,1,5,45
120.0309262,30.2669433,4,2,2,2,1,2,0,0,4,3,0,4,1,0,1,1,2,0,1,2,2,0,3,0,2,2,4,1,2,48
120.1230271,30.3289703,7,3,1,3,2,1,0,0,1,2,0,0,3,3,2,1,3,1,0,0,2,1,1,2,4,1,1,1,1,47
120.0678648,30.4126839,4,5,2,3,1,2,0,0,1,1,2,2,1,2,1,1,1,1,2,0,1,4,0,2,4,0,1,2,4,50
120.0044335,30.2749449,5,4,1,2,1,1,0,1,0,2,5,0,1,2,1,1,4,1,0,1,1,1,4,3,4,2,4,2,3,57
120.1065878,30.2444658,5,1,1,3,2,1,1,0,0,3,1,0,0,3,0,1,4,3,0,2,2,3,3,0,4,1,0,1,4,49
120.0865224,30.3374183,7,1,2,2,1,1,0,3,4,2,1,4,4,2,0,0,1,3,0,2,2,4,4,1,1,0,3,0,3,58
120.044131,30.3030541,4,5,2,1,2,1,1,0,4,2,0,3,1,1,2,0,1,2,1,0,1,0,3,0,0,0,0,1,3,41
120.0061882,30.2982356,3,2,2,2,2,2,0,3,0,0,3,2,0,0,1,2,2,0,2,1,2,2,5,2,3,0,4,2,0,49
120.1189252,30.1815284,6,5,2,2,2,2,1,1,1,2,1,0,2,2,1,1,3,2,1,1,0,3,0,3,0,2,1,2,5,54
120.1081995,30.2297364,7,4,1,1,1,1,1,3,4,2,2,0,4,3,1,2,4,3,0,2,1,3,0,3,1,2,4,0,1,61
120.1103172,30.1752476,7,1,2,1,1,2,1,2,0,3,2,0,2,1,1,1,3,3,2,2,2,1,3,1,4,1,0,2,5,56
120.0605539,30.2150923,5,3,2,3,1,2,0,2,3,2,5,3,1,0,2,1,3,3,2,0,0,3,3,2,2,1,3,2,3,62
120.1047211,30.3932774,2,1,2,2,2,1,0,0,1,1,2,3,3,3,3,1,0,2,1,1,2,3,3,3,4,1,3,2,3,55
120.0537116,30.3483506,7,3,1,3,1,2,0,1,1,1,4,4,4,0,2,2,3,2,2,2,2,0,1,1,1,2,1,2,5,60
120.1044121,30.180035,1,3,2,2,1,2,0,0,4,0,5,2,3,1,2,1,0,1,2,2,0,0,4,2,3,2,0,0,3,48
120.1284554,30.2596586,7,5,1,3,1,2,1,1,4,3,3,1,2,0,1,2,2,0,1,1,2,0,4,3,3,2,4,1,3,63
120.0404388,30.4145383,1,4,1,1,2,2,1,3,2,2,0,3,0,0,2,1,2,3,0,2,1,2,0,1,3,0,4,0,1,44
120.0701689,30.3276011,1,3,2,1,1,2,0,1,4,0,0,4,2,1,1,1,3,2,1,0,2,4,0,0,4,0,2,0,5,47
120.0081139,30.2013906,2,3,1,1,2,2,1,1,0,2,1,1,3,1,2,2,0,0,0,2,1,2,0,3,4,1,0,2,0,40
120.0635582,30.3870525,5,4,1,1,1,1,0,0,2,1,0,1,3,0,1,2,0,3,2,0,2,1,0,3,2,1,0,2,1,40
120.0604889,30.3657483,6,3,1,1,1,2,0,2,4,1,4,3,2,3,1,1,3,0,1,2,1,4,1,1,4,2,0,0,3,57
120.0373233,30.2637344,2,4,1,1,1,2,0,3,2,3,4,3,0,2,3,1,3,0,1,0,2,0,2,1,4,0,2,0,5,52
120.1089073,30.4110832,7,3,1,1,2,2,1,0,0,1,1,3,2,3,1,0,1,2,1,2,0,1,5,3,4,1,3,1,3,55
120.0336016,30.2818123,5,3,2,3,2,1,1,2,0,3,1,3,2,2,1,2,0,1,0,1,1,4,1,2,4,2,4,0,5,58
120.0629739,30.3931419,6,5,2,2,2,2,1,1,1,3,1,3,4,3,0,2,1,1,2,0,0,0,0,0,1,0,1,1,5,50
120.0922183,30.2255602,5,1,1,3,2,2,1,0,2,3,5,2,3,2,0,0,3,3,0,2,2,2,0,1,2,2,1,0,0,50
120.0968968,30.3675632,2,1,2,2,2,1,1,1,1,1,5,2,3,2,3,0,4,0,1,2,1,3,1,2,0,0,2,2,1,48
120.0151031,30.21525,3,4,2,2,2,2,0,1,0,2,5,1,2,3,3,0,0,0,1,0,1,2,2,2,3,2,3,0,4,52
120.00991,30.2577546,4,3,2,1,2,2,0,3,4,3,2,1,1,1,1,2,2,2,1,0,2,2,0,1,3,1,2,1,5,54
120.1008936,30.2414886,3,3,1,2,1,2,1,3,0,3,4,2,0,1,0,0,0,0,0,1,1,3,4,3,0,0,3,1,1,43
120.0625188,30.2209329,2,1,1,2,1,1,0,1,3,2,0,1,1,3,2,1,1,1,0,0,0,1,2,1,0,2,0,1,1,32
120.0560684,30.3314423,7,5,2,3,1,1,1,3,1,3,5,4,0,0,2,0,4,0,0,2,2,3,1,2,1,2,2,2,1,60
120.0154813,30.1854357,7,4,2,1,1,1,1,0,1,1,5,0,0,1,2,1,1,3,2,1,1,1,1,2,1,0,2,1,5,49
120.121358,30.409576,4,5,2,2,1,2,1,0,3,0,1,0,3,1,2,1,3,0,2,1,2,1,3,0,0,0,1,0,4,45
120.1161587,30.1862211,1,1,2,3,2,2,1,1,2,3,3,3,2,3,3,1,3,1,0,1,1,4,1,0,2,0,2,2,1,51
120.0027634,30.3994049,6,2,1,2,2,2,0,1,1,2,4,4,0,1,0,0,1,2,2,1,2,1,0,3,4,1,1,0,3,49
120.0507782,30.343008,1,2,1,3,2,1,1,3,2,0,3,3,3,3,2,1,3,2,1,0,2,0,0,1,0,1,2,2,4,49
120.0622344,30.3300078,7,2,1,1,1,2,0,0,3,2,5,4,2,0,3,2,2,2,1,2,0,0,3,0,3,1,1,2,5,57
120.0631478,30.2708163,6,1,1,2,1,2,0,1,1,0,3,4,2,1,0,1,2,3,2,1,1,1,1,1,3,0,2,0,1,44
120.01736,30.2328664,4,1,2,2,2,2,1,2,2,1,1,0,0,1,1,1,0,0,2,1,0,0,2,1,4,0,2,1,1,37
120.0762425,30.2178084,1,2,2,1,2,1,0,1,1,1,5,2,4,3,2,1,0,1,1,1,1,3,4,3,0,1,1,0,5,50
120.0904012,30.2713872,1,4,1,3,2,2,0,3,4,1,0,2,4,0,3,2,3,3,0,0,0,0,3,3,0,0,0,2,1,47
120.0217399,30.3097434,7,1,1,2,1,2,1,3,3,3,1,3,3,0,1,0,4,3,1,2,1,0,1,2,0,2,0,2,3,53
120.0694568,30.3317469,4,1,1,1,1,2,1,1,0,3,1,0,3,1,3,1,3,2,2,0,2,1,0,3,0,2,2,1,3,45
120.0182753,30.3282269,1,5,2,1,1,1,1,0,1,0,1,3,3,2,1,0,3,0,1,2,0,1,0,0,4,1,4,2,5,46
120.1175482,30.2172355,4,3,2,2,1,2,1,2,1,3,2,0,1,3,1,1,1,3,0,2,2,4,3,0,0,1,3,0,0,48
120.0937557,30.1708483,2,2,2,2,1,2,0,1,1,3,5,3,1,3,2,2,4,0,0,0,1,0,0,2,0,2,4,2,1,48
120.0209391,30.2225478,5,5,2,1,2,2,1,3,2,0,3,4,2,3,2,0,0,0,1,2,1,4,4,2,0,2,2,1,3,59
120.0068252,30.4154983,1,3,2,3,2,1,0,0,4,2,0,4,2,2,3,1,0,3,1,2,1,0,4,2,0,2,3,2,1,51
120.1143682,30.2569677,3,3,1,3,2,2,0,1,2,3,5,4,1,2,1,1,1,3,0,0,0,0,0,3,3,1,0,1,0,46
120.0854146,30.2586554,7,5,1,3,2,2,0,2,1,2,3,2,3,0,2,2,0,3,1,1,1,3,3,3,4,2,4,0,4,66
120.0275977,30.2129425,1,3,1,1,2,2,0,3,0,0,1,2,1,1,0,1,1,2,2,1,1,1,2,1,3,2,3,0,4,42
120.0777177,30.3480086,1,5,1,3,2,2,1,1,1,0,0,0,2,3,2,0,1,3,0,2,2,2,5,0,0,0,0,2,1,42
120.0668481,30.2534272,3,4,2,1,2,1,1,1,1,2,3,4,1,1,2,0,2,0,2,2,0,2,1,1,0,0,4,0,1,44
120.1146254,30.3475213,2,4,1,3,1,2,1,3,3,2,0,4,1,1,1,2,0,2,0,1,0,4,4,3,4,2,2,2,4,59
120.0452003,30.4152784,6,2,1,2,1,1,0,0,1,0,5,3,0,2,0,1,2,2,0,0,2,2,2,3,1,0,1,0,0,40
120.0777151,30.4179007,7,1,2,3,2,2,1,1,2,3,5,3,1,0,1,2,1,1,0,1,0,3,2,1,1,2,1,2,2,53
120.0998873,30.2210159,1,3,1,1,2,2,1,0,0,0,4,4,2,2,3,0,1,1,2,2,1,2,4,1,2,0,1,2,1,46
120.0098473,30.2874633,3,3,1,1,2,1,0,0,4,3,4,3,2,3,0,2,3,1,2,1,2,1,4,1,1,2,2,2,0,54
120.0319086,30.3743625,7,1,1,3,1,1,1,0,2,0,2,3,0,3,2,2,3,2,1,2,0,4,5,3,4,2,0,1,3,59
120.0946853,30.235009,1,4,1,1,1,1,0,0,4,2,2,3,3,2,2,0,0,1,0,0,1,1,3,1,2,0,3,0,1,40
120.0874229,30.3688719,4,1,1,3,1,1,1,1,2,3,3,4,1,0,1,2,4,2,2,1,2,4,3,0,4,1,2,1,0,55
120.0282661,30.3722945,5,3,2,3,2,1,0,0,1,0,5,2,4,2,3,2,1,0,2,1,0,1,5,3,0,1,1,2,0,52
120.0640883,30.1782178,1,5,1,1,2,1,1,0,2,2,3,2,4,3,3,1,0,1,0,0,1,3,1,3,3,2,1,1,3,51
120.1015629,30.384648,3,2,2,2,2,1,0,1,3,3,1,4,2,1,1,0,3,3,2,1,1,2,2,1,3,0,3,1,5,55
120.0132014,30.1881198,3,2,1,1,2,2,1,1,0,0,1,4,3,3,1,0,2,2,1,2,0,0,5,2,3,2,2,2,4,52
120.1173864,30.4077359,3,5,1,1,2,2,1,1,4,0,4,3,1,1,0,0,3,1,0,1,0,4,4,0,1,2,0,1,4,50
120.0473411,30.3936777,2,2,1,2,2,2,0,0,0,0,2,4,3,1,1,0,3,3,0,0,0,2,4,1,1,2,1,2,1,42
120.0762966,30.2838473,4,5,2,2,1,2,1,3,0,0,4,0,2,0,3,1,2,0,0,1,1,3,5,1,2,0,3,0,1,49
120.0038155,30.3239578,3,5,1,2,2,1,0,0,0,0,4,2,3,2,3,0,0,2,1,1,0,4,2,3,2,0,3,0,5,51
120.0618438,30.2868087,5,2,1,2,2,1,0,0,3,3,3,2,2,1,3,1,1,0,0,2,0,2,5,3,1,0,0,0,4,49
120.123298,30.1911198,6,1,2,3,1,2,1,2,3,3,4,2,3,2,1,1,2,1,2,0,2,1,1,0,2,1,1,2,3,55
120.0509543,30.2427762,2,5,2,3,1,1,0,3,4,0,5,0,4,1,1,0,1,2,0,0,2,4,4,0,3,0,3,1,4,56
120.1221794,30.3350132,6,5,2,2,2,1,0,3,3,1,4,4,4,3,2,1,3,2,1,2,2,2,1,3,1,2,3,1,3,69
120.07409,30.2335075,6,2,2,3,2,2,1,2,0,0,4,1,3,0,0,1,1,3,0,0,2,0,3,0,4,2,2,2,5,53
120.0927472,30.2665397,3,3,1,1,1,2,1,2,3,1,2,4,1,1,2,1,1,0,2,1,2,1,4,3,3,1,2,1,5,55
120.0623615,30.3457316,7,3,1,3,1,1,1,2,3,0,1,3,2,3,0,0,0,1,1,0,0,2,2,1,1,2,2,1,4,48
